2cnf_backdoor_depth,2cnf_backdoor_depth_kind,2cnf_backdoor_treewidth,2cnf_backdoor_treewidth_kind,2cnf_backdoor_treewidth_witness,2cnf_strong_backdoor_kind,2cnf_strong_backdoor_size,2cnf_strong_backdoor_witness,affine_backdoor_depth,affine_backdoor_depth_kind,affine_backdoor_treewidth,affine_backdoor_treewidth_kind,affine_backdoor_treewidth_witness,affine_strong_backdoor_kind,affine_strong_backdoor_size,affine_strong_backdoor_witness,bruteforce_crosscheck,family,generator_seed,heuristic_births,heuristic_max_depth,heuristic_width,horn_backdoor_depth,horn_backdoor_depth_kind,horn_backdoor_treewidth,horn_backdoor_treewidth_kind,horn_backdoor_treewidth_witness,horn_strong_backdoor_kind,horn_strong_backdoor_size,horn_strong_backdoor_witness,incidence_treewidth,incidence_treewidth_kind,incidence_treewidth_lower,incidence_treewidth_upper,induced_width,induced_width_kind,induced_width_lower,induced_width_upper,infeasible_widths,initial_state_sha256,instance_id,min_births,min_max_depth,morph_width,morph_width_kind,nclauses,nvars,primal_treewidth,primal_treewidth_kind,primal_treewidth_lower,primal_treewidth_upper,scattered_backdoor_depth,scattered_backdoor_depth_kind,scattered_backdoor_treewidth,scattered_backdoor_treewidth_kind,scattered_backdoor_treewidth_witness,scattered_strong_backdoor_kind,scattered_strong_backdoor_size,scattered_strong_backdoor_witness,seed,states_explored,target_class,witness
1,exact,0,exact,[1],exact,1,[1],2,exact,2,exact,"[1, 2, 3]",exact,3,"[1, 2, 3]",3,random_exact,10400,1,1,3,1,exact,0,exact,[4],exact,1,[4],4,exact,4,4,3,exact,3,3,"[0, 1, 2]",515bde062c299a4dbfe0c587fe12e406e1e1f9d2190ea93bd4b9027a8ee0276c,random_exact.n4.s0,1,1,3,exact,8,4,3,exact,3,3,1,exact,0,exact,[1],exact,1,[1],0,4,bijunctive,"[{""eliminated_variable"": 1, ""parent_relations"": [{""scope"": [1], ""allowed"": [1], ""depth"": 0}, {""scope"": [1, 2, 3], ""allowed"": [0, 1, 2, 4, 5, 6, 7], ""depth"": 0}, {""scope"": [1, 2, 3, 4], ""allowed"": [0, 1, 3, 5, 7, 8, 9, 10, 11, 12, 13, 14, 15], ""depth"": 0}], ""new_relation"": {""scope"": [2, 3, 4], ""allowed"": [0, 2, 3, 4, 6, 7], ""depth"": 1}, ""resulting_state_sha256"": ""8b313dde2cf00c41f5b8f8171ce449cd10fa9187c5c60b9fc5da813fb966c782""}]"
1,exact,0,exact,[1],exact,1,[1],3,exact,2,exact,"[1, 2, 3]",exact,3,"[1, 2, 3]",3,random_exact,10401,1,1,3,2,exact,1,exact,"[1, 3]",exact,2,"[1, 3]",4,exact,4,4,3,exact,3,3,"[0, 1, 2]",974d327fd6b4391f9f32e08177ecb15995d4cf7296c2376d99c981b750af3482,random_exact.n4.s1,1,1,3,exact,8,4,3,exact,3,3,1,exact,0,exact,[1],exact,1,[1],1,4,dual_horn,"[{""eliminated_variable"": 1, ""parent_relations"": [{""scope"": [1, 2, 3], ""allowed"": [0, 2, 3, 4, 5, 7], ""depth"": 0}, {""scope"": [1, 2, 3, 4], ""allowed"": [0, 1, 3, 4, 5, 7, 8, 9, 11, 12, 13, 14, 15], ""depth"": 0}, {""scope"": [1, 3], ""allowed"": [0, 1, 3], ""depth"": 0}, {""scope"": [1, 3, 4], ""allowed"": [1, 2, 3, 4, 5, 6, 7], ""depth"": 0}], ""new_relation"": {""scope"": [2, 3, 4], ""allowed"": [1, 2, 3, 4, 5, 6, 7], ""depth"": 1}, ""resulting_state_sha256"": ""188ed8f1b01d5008128fb9bebca6acd46d505128649897ab36590a5c60927726""}]"
2,exact,1,exact,"[1, 2]",exact,2,"[1, 2]",3,exact,2,exact,"[1, 2, 3]",exact,3,"[1, 2, 3]",0,random_exact,10402,1,1,3,2,exact,1,exact,"[2, 3]",exact,2,"[2, 3]",4,exact,4,4,3,exact,3,3,[],7cfef7f21095e3a93b7196315fec6182dda0fd67caeb43fa853e5eb6bbe3bd96,random_exact.n4.s2,0,0,0,exact,8,4,3,exact,3,3,2,exact,1,exact,"[1, 2]",exact,2,"[1, 2]",2,1,zero_valid,[]
1,exact,0,exact,[3],exact,1,[3],2,exact,1,exact,"[3, 4]",exact,2,"[3, 4]",3,random_exact,10403,1,1,3,2,exact,1,exact,"[2, 3]",exact,2,"[2, 3]",4,exact,4,4,3,exact,3,3,"[0, 1, 2]",727c84d1207fb5cfe5ab45e27f7e124f2394fbe45bb1218d5e508fdb702d9204,random_exact.n4.s3,1,1,3,exact,8,4,3,exact,3,3,1,exact,0,exact,[3],exact,1,[3],3,4,dual_horn,"[{""eliminated_variable"": 1, ""parent_relations"": [{""scope"": [1], ""allowed"": [0], ""depth"": 0}, {""scope"": [1, 2, 3], ""allowed"": [0, 1, 2, 3, 6, 7], ""depth"": 0}, {""scope"": [1, 2, 3, 4], ""allowed"": [0, 1, 2, 3, 4, 5, 6, 7, 8, 9, 10, 11, 12, 14], ""depth"": 0}], ""new_relation"": {""scope"": [2, 3, 4], ""allowed"": [0, 1, 3, 4, 5, 7], ""depth"": 1}, ""resulting_state_sha256"": ""55544c22f954fed93adeba01425cd7aea57fb50956f8231970d54077f4bd7d80""}]"
2,exact,1,exact,"[1, 2]",exact,2,"[1, 2]",3,exact,2,exact,"[1, 2, 3]",exact,3,"[1, 2, 3]",0,random_exact,10404,1,1,3,1,exact,0,exact,[2],exact,1,[2],4,exact,4,4,3,exact,3,3,[],235112631d98987eaa87f83446cc4543cc32ab69156b6c1975656c8290c33827,random_exact.n4.s4,0,0,0,exact,8,4,3,exact,3,3,1,exact,0,exact,[2],exact,1,[2],4,1,one_valid,[]
2,exact,1,exact,"[1, 2]",exact,2,"[1, 2]",3,exact,2,exact,"[1, 2, 3]",exact,3,"[1, 2, 3]",3,random_exact,10405,2,2,3,2,exact,1,exact,"[1, 2]",exact,2,"[1, 2]",4,exact,4,4,3,exact,3,3,"[0, 1, 2]",b8e6210b7574e0337568da66624db160cbfd50c739ff1f2cb5699b3522c43523,random_exact.n4.s5,1,1,3,exact,8,4,3,exact,3,3,2,exact,1,exact,"[1, 2]",exact,2,"[1, 2]",5,5,dual_horn,"[{""eliminated_variable"": 1, ""parent_relations"": [{""scope"": [1, 2, 3], ""allowed"": [0, 2, 3, 4, 5, 6, 7], ""depth"": 0}, {""scope"": [1, 2, 3, 4], ""allowed"": [0, 1, 2, 3, 4, 5, 6, 7, 9, 10, 11, 12, 13, 14, 15], ""depth"": 0}, {""scope"": [1, 2, 4], ""allowed"": [0, 1, 2, 4, 5, 6, 7], ""depth"": 0}, {""scope"": [1, 3, 4], ""allowed"": [0, 1, 2, 3, 4, 5, 6], ""depth"": 0}], ""new_relation"": {""scope"": [2, 3, 4], ""allowed"": [0, 1, 2, 3, 5, 6, 7], ""depth"": 1}, ""resulting_state_sha256"": ""f97c6c55ec2f4aa1c493840b81ed77a1120b20ff2508bc86314939433cf84017""}]"
1,exact,0,exact,[1],exact,1,[1],2,exact,1,exact,"[1, 3]",exact,2,"[1, 3]",0,random_exact,10406,1,1,2,1,exact,0,exact,[1],exact,1,[1],3,exact,3,3,2,exact,2,2,[],ca1ef1fc0fa9c08039f646baf9ba01d636dca55d0771ab63ae9f4efe8164896a,random_exact.n4.s6,0,0,0,exact,8,4,2,exact,2,2,1,exact,0,exact,[1],exact,1,[1],6,1,one_valid,[]
2,exact,1,exact,"[1, 2]",exact,2,"[1, 2]",3,exact,2,exact,"[1, 2, 3]",exact,3,"[1, 2, 3]",3,random_exact,10407,2,2,3,2,exact,1,exact,"[1, 3]",exact,2,"[1, 3]",3,exact,3,3,3,exact,3,3,"[0, 1, 2]",147487507f05ecd3c4402661fa2f3f7ff65936a1981ef511b369458a70e85ea3,random_exact.n4.s7,1,1,3,exact,8,4,3,exact,3,3,2,exact,1,exact,"[1, 2]",exact,2,"[1, 2]",7,5,bijunctive,"[{""eliminated_variable"": 2, ""parent_relations"": [{""scope"": [1, 2], ""allowed"": [1, 2, 3], ""depth"": 0}, {""scope"": [1, 2, 3, 4], ""allowed"": [0, 1, 2, 3, 4, 5, 6, 7, 9, 10, 11, 12, 13, 14, 15], ""depth"": 0}, {""scope"": [2], ""allowed"": [1], ""depth"": 0}, {""scope"": [2, 3, 4], ""allowed"": [0, 1, 2, 3, 4, 6, 7], ""depth"": 0}], ""new_relation"": {""scope"": [1, 3, 4], ""allowed"": [0, 1, 2, 3, 6, 7], ""depth"": 1}, ""resulting_state_sha256"": ""7a0d3b73f3a372e33b7b9d0aad8ddfef9a3049fad11855dd8cb375146a87765e""}]"
2,exact,1,exact,"[1, 2]",exact,2,"[1, 2]",3,exact,2,exact,"[1, 2, 3]",exact,3,"[1, 2, 3]",0,random_exact,10408,1,1,3,2,exact,1,exact,"[3, 4]",exact,2,"[3, 4]",4,exact,4,4,3,exact,3,3,[],2e84ec22181e3be3a08636d4d3e105f6e3d7bd733830f467fb0ad584a6c92922,random_exact.n4.s8,0,0,0,exact,8,4,3,exact,3,3,2,exact,1,exact,"[1, 2]",exact,2,"[1, 2]",8,1,zero_valid,[]
2,exact,1,exact,"[1, 2]",exact,2,"[1, 2]",2,exact,1,exact,"[1, 2]",exact,2,"[1, 2]",0,random_exact,10409,0,0,0,2,exact,1,exact,"[1, 2]",exact,2,"[1, 2]",3,exact,3,3,3,exact,3,3,[],88741e9fa2c4d5c53432750cf17b7dd143535b54d6f410ea2986f7c98d39fd7c,random_exact.n4.s9,0,0,0,exact,8,4,3,exact,3,3,2,exact,1,exact,"[1, 2]",exact,2,"[1, 2]",9,1,dual_horn,[]
2,exact,1,exact,"[1, 2]",exact,2,"[1, 2]",3,exact,2,exact,"[1, 2, 4]",exact,3,"[1, 2, 4]",3,random_exact,10500,3,2,3,2,exact,1,exact,"[2, 4]",exact,2,"[2, 4]",4,exact,4,4,3,exact,3,3,"[0, 1, 2]",cda2f544ee5a698d6499ef7b5ee42402fc9128cc9d14eee3d419b99111519121,random_exact.n5.s0,2,1,3,exact,9,5,3,exact,3,3,2,exact,1,exact,"[1, 2]",exact,2,"[1, 2]",0,7,dual_horn,"[{""eliminated_variable"": 3, ""parent_relations"": [{""scope"": [1, 2, 3, 4], ""allowed"": [0, 1, 2, 3, 4, 5, 6, 7, 8, 9, 10, 11, 12, 13, 14], ""depth"": 0}, {""scope"": [1, 3], ""allowed"": [0, 1, 3], ""depth"": 0}, {""scope"": [2, 3, 4], ""allowed"": [1, 2, 3, 4, 5, 6, 7], ""depth"": 0}], ""new_relation"": {""scope"": [1, 2, 4], ""allowed"": [1, 2, 3, 4, 5, 6, 7], ""depth"": 1}, ""resulting_state_sha256"": ""c70cfd9dcb964120ba7b63a7034faebbd6e82f27f3c4fb41690bb4b2c3c616bc""}, {""eliminated_variable"": 5, ""parent_relations"": [{""scope"": [1, 2, 4, 5], ""allowed"": [0, 1, 2, 3, 4, 6, 7, 8, 9, 10, 11, 12, 13, 14, 15], ""depth"": 0}, {""scope"": [2, 4, 5], ""allowed"": [0, 2, 3, 4, 5, 6, 7], ""depth"": 0}, {""scope"": [5], ""allowed"": [1], ""depth"": 0}], ""new_relation"": {""scope"": [1, 2, 4], ""allowed"": [0, 1, 2, 3, 4, 5, 6, 7], ""depth"": 1}, ""resulting_state_sha256"": ""83350436178330a46f8db18ef16b4e04a8b2f1f8a884fe2317e83a3a5d242764""}]"
2,exact,1,exact,"[1, 2]",exact,2,"[1, 2]",3,exact,2,exact,"[2, 3, 5]",exact,3,"[2, 3, 5]",3,random_exact,10501,1,1,3,2,exact,1,exact,"[1, 2]",exact,2,"[1, 2]",3,exact,3,3,3,exact,3,3,"[0, 1, 2]",f0b0f30c2e6f46b1ab920040819b70cf9353544cca1c7f3475bdafa77ae662e7,random_exact.n5.s1,1,1,3,exact,9,5,3,exact,3,3,2,exact,1,exact,"[1, 2]",exact,2,"[1, 2]",1,5,dual_horn,"[{""eliminated_variable"": 1, ""parent_relations"": [{""scope"": [1, 2, 3, 5], ""allowed"": [0, 1, 2, 3, 4, 5, 6, 7, 8, 9, 10, 11, 13, 14, 15], ""depth"": 0}, {""scope"": [1, 3, 5], ""allowed"": [0, 1, 2, 3, 5, 6, 7], ""depth"": 0}], ""new_relation"": {""scope"": [2, 3, 5], ""allowed"": [0, 1, 2, 3, 4, 5, 6, 7], ""depth"": 1}, ""resulting_state_sha256"": ""42b4916a1d4a04b6c9c6ac078403ac7016e4009b514a74c7ca6dfb128c09fb73""}]"
2,exact,1,exact,"[1, 3]",exact,2,"[1, 3]",3,exact,2,exact,"[1, 3, 4]",exact,3,"[1, 3, 4]",3,random_exact,10502,2,1,3,2,exact,1,exact,"[1, 3]",exact,2,"[1, 3]",4,exact,4,4,3,exact,3,3,"[0, 1, 2]",02f69a6afe7f8d7a83da4f8280504bbafb3e90678b2460edea5697e347586c46,random_exact.n5.s2,2,1,3,exact,9,5,3,exact,3,3,2,exact,1,exact,"[1, 3]",exact,2,"[1, 3]",2,7,dual_horn,"[{""eliminated_variable"": 2, ""parent_relations"": [{""scope"": [1, 2, 3], ""allowed"": [1, 2, 3, 4, 5, 6, 7], ""depth"": 0}, {""scope"": [1, 2, 3, 4], ""allowed"": [0, 1, 2, 3, 4, 5, 6, 7, 8, 9, 10, 11, 12, 13, 14], ""depth"": 0}, {""scope"": [1, 2, 4], ""allowed"": [0, 1, 3, 4, 5, 6, 7], ""depth"": 0}], ""new_relation"": {""scope"": [1, 3, 4], ""allowed"": [1, 2, 3, 4, 5, 6, 7], ""depth"": 1}, ""resulting_state_sha256"": ""3989da60509cbbc623e255b786203a1d18fafc0feda5058322c9e9afe35a9f3a""}, {""eliminated_variable"": 5, ""parent_relations"": [{""scope"": [1, 3, 4, 5], ""allowed"": [0, 1, 2, 3, 4, 6, 7, 8, 9, 10, 11, 12, 13, 14, 15], ""depth"": 0}, {""scope"": [5], ""allowed"": [1], ""depth"": 0}], ""new_relation"": {""scope"": [1, 3, 4], ""allowed"": [0, 1, 2, 3, 4, 5, 6, 7], ""depth"": 1}, ""resulting_state_sha256"": ""3b6048d667e4c19d29bc6e20697efee68ddd6895031385ac0d3b1aed98f07649""}]"
2,exact,1,exact,"[1, 3]",exact,2,"[1, 3]",3,exact,2,exact,"[1, 3, 5]",exact,3,"[1, 3, 5]",3,random_exact,10503,2,1,3,1,exact,0,exact,[3],exact,1,[3],4,exact,4,4,3,exact,3,3,"[0, 1, 2]",98f49a643863bba9c56a4717c4390021daa57c080f503a8cb8dde079abf0d2d9,random_exact.n5.s3,1,1,3,exact,9,5,3,exact,3,3,1,exact,0,exact,[3],exact,1,[3],3,5,one_valid,"[{""eliminated_variable"": 4, ""parent_relations"": [{""scope"": [1, 3, 4, 5], ""allowed"": [0, 1, 2, 3, 4, 5, 6, 7, 8, 9, 10, 11, 13, 14], ""depth"": 0}, {""scope"": [3, 4, 5], ""allowed"": [0, 1, 2, 3, 4, 5, 7], ""depth"": 0}], ""new_relation"": {""scope"": [1, 3, 5], ""allowed"": [0, 1, 2, 3, 4, 5, 6, 7], ""depth"": 1}, ""resulting_state_sha256"": ""bf3e97b0af7d49e49ecaa856a350ef08f77d663afe56f3ad2a5ca58d4ef6ba0d""}]"
2,exact,1,exact,"[1, 2]",exact,2,"[1, 2]",3,exact,3,exact,"[1, 2, 3, 4]",exact,4,"[1, 2, 3, 4]",4,random_exact,10504,1,1,4,1,exact,0,exact,[3],exact,1,[3],4,exact,4,4,4,exact,4,4,"[0, 1, 2, 3]",5bbe9729ca1a1c658521e5e5e68f0ba586497c30d37ea10aef8e94789927ee7e,random_exact.n5.s4,1,1,4,exact,9,5,4,exact,4,4,1,exact,0,exact,[3],exact,1,[3],4,7,horn,"[{""eliminated_variable"": 2, ""parent_relations"": [{""scope"": [1, 2, 3, 4], ""allowed"": [0, 1, 2, 3, 4, 5, 6, 7, 8, 9, 10, 11, 12, 13, 15], ""depth"": 0}, {""scope"": [2, 3, 4], ""allowed"": [0, 2, 3, 4, 5, 6, 7], ""depth"": 0}, {""scope"": [2, 3, 5], ""allowed"": [0, 1, 2, 4, 5, 6, 7], ""depth"": 0}], ""new_relation"": {""scope"": [1, 3, 4, 5], ""allowed"": [0, 1, 2, 3, 4, 5, 6, 7, 8, 9, 10, 11, 12, 13, 14, 15], ""depth"": 1}, ""resulting_state_sha256"": ""975aaef512f6f4d86b559a47cbeebc7b0d456182f241d585b5f264433988d54b""}]"
2,exact,1,exact,"[2, 4]",exact,2,"[2, 4]",3,exact,2,exact,"[2, 4, 5]",exact,3,"[2, 4, 5]",3,random_exact,10505,1,1,3,2,exact,1,exact,"[2, 3]",exact,2,"[2, 3]",3,exact,3,3,3,exact,3,3,"[0, 1, 2]",99a47c25ebd9f5fe49911383598c6dac6c4b82fe4139042d03d20b708e7e6815,random_exact.n5.s5,1,1,3,exact,9,5,3,exact,3,3,2,exact,1,exact,"[2, 3]",exact,2,"[2, 3]",5,4,dual_horn,"[{""eliminated_variable"": 1, ""parent_relations"": [{""scope"": [1], ""allowed"": [1], ""depth"": 0}, {""scope"": [1, 2, 4, 5], ""allowed"": [0, 1, 2, 3, 4, 5, 6, 7, 8, 9, 10, 11, 12, 13, 15], ""depth"": 0}, {""scope"": [1, 4, 5], ""allowed"": [0, 1, 2, 3, 4, 5, 7], ""depth"": 0}], ""new_relation"": {""scope"": [2, 4, 5], ""allowed"": [0, 1, 2, 3, 4, 5, 6, 7], ""depth"": 1}, ""resulting_state_sha256"": ""c2bc9c4d88e9ac41783497ff2c9d275ed91043f80cbe574425cde8e9b7b0d52f""}]"
2,exact,1,exact,"[2, 5]",exact,2,"[2, 5]",3,exact,3,exact,"[1, 2, 3, 4]",exact,4,"[1, 2, 3, 4]",0,random_exact,10506,3,3,4,3,exact,2,exact,"[1, 2, 3]",exact,3,"[1, 2, 3]",4,exact,4,4,4,exact,4,4,[],b4f808e813f28d06710409bec827dcda97551aef53c4fe29f656ec30a7ac88a9,random_exact.n5.s6,0,0,0,exact,9,5,4,exact,4,4,2,exact,1,exact,"[1, 2]",exact,2,"[1, 2]",6,1,one_valid,[]
2,exact,1,exact,"[1, 2]",exact,2,"[1, 2]",3,exact,2,exact,"[1, 2, 3]",exact,3,"[1, 2, 3]",3,random_exact,10507,2,2,3,2,exact,1,exact,"[1, 4]",exact,2,"[1, 4]",4,exact,4,4,3,exact,3,3,"[0, 1, 2]",64d24ebb9065c91e1c4d698572abb582d358e956b7b4734be5920daf3d333638,random_exact.n5.s7,1,1,3,exact,9,5,3,exact,3,3,2,exact,1,exact,"[1, 2]",exact,2,"[1, 2]",7,5,bijunctive,"[{""eliminated_variable"": 5, ""parent_relations"": [{""scope"": [1, 2, 4, 5], ""allowed"": [0, 1, 3, 4, 5, 6, 7, 8, 9, 10, 11, 12, 13, 15], ""depth"": 0}, {""scope"": [1, 5], ""allowed"": [0, 1, 3], ""depth"": 0}, {""scope"": [2, 5], ""allowed"": [0, 1, 3], ""depth"": 0}, {""scope"": [5], ""allowed"": [1], ""depth"": 0}], ""new_relation"": {""scope"": [1, 2, 4], ""allowed"": [3, 7], ""depth"": 1}, ""resulting_state_sha256"": ""9d24b3494dd3592574bfbfce740e418c8c9bab24febbe1b04cb9f1881630df01""}]"
2,exact,1,exact,"[4, 5]",exact,2,"[4, 5]",3,exact,3,exact,"[1, 2, 3, 4]",exact,4,"[1, 2, 3, 4]",4,random_exact,10508,3,2,4,3,exact,2,exact,"[2, 3, 5]",exact,3,"[2, 3, 5]",4,exact,4,4,4,exact,4,4,"[0, 1, 2, 3]",84986a24d2c2f098b5447d2a890c2c7e66acff8086ca1c8a5abcfe0f5f461e58,random_exact.n5.s8,1,1,4,exact,9,5,4,exact,4,4,2,exact,1,exact,"[2, 5]",exact,2,"[2, 5]",8,9,horn,"[{""eliminated_variable"": 5, ""parent_relations"": [{""scope"": [1, 2, 4, 5], ""allowed"": [0, 1, 2, 3, 4, 5, 6, 7, 8, 9, 10, 11, 12, 13, 14], ""depth"": 0}, {""scope"": [1, 3, 4, 5], ""allowed"": [0, 1, 2, 3, 4, 5, 6, 7, 8, 9, 10, 11, 12, 14, 15], ""depth"": 0}, {""scope"": [1, 3, 5], ""allowed"": [0, 1, 3, 4, 6, 7], ""depth"": 0}, {""scope"": [2, 3, 4, 5], ""allowed"": [1, 2, 3, 4, 5, 6, 7, 8, 9, 10, 11, 12, 13, 14, 15], ""depth"": 0}, {""scope"": [5], ""allowed"": [1], ""depth"": 0}], ""new_relation"": {""scope"": [1, 2, 3, 4], ""allowed"": [0, 2, 4, 5, 6, 7, 8, 10, 12, 13, 14], ""depth"": 1}, ""resulting_state_sha256"": ""0ba71dc02c32d4946e9adc96cac8e3edd6539919768624c689e59df41196a3e7""}]"
2,exact,1,exact,"[2, 3]",exact,2,"[2, 3]",3,exact,2,exact,"[2, 3, 4]",exact,3,"[2, 3, 4]",3,random_exact,10509,2,2,3,3,exact,2,exact,"[2, 3, 4]",exact,3,"[2, 3, 4]",3,exact,3,3,3,exact,3,3,"[0, 1, 2]",8b9feb1e7e5306363b822068a484c1274a59edf8bb0e53f6aad6cc880a095c11,random_exact.n5.s9,1,1,3,exact,9,5,3,exact,3,3,2,exact,1,exact,"[2, 3]",exact,2,"[2, 3]",9,5,bijunctive,"[{""eliminated_variable"": 2, ""parent_relations"": [{""scope"": [2, 3, 4, 5], ""allowed"": [1, 2, 3, 4, 5, 6, 7, 8, 9, 10, 11, 12, 13, 14, 15], ""depth"": 0}, {""scope"": [2, 3, 5], ""allowed"": [1, 2, 3, 4, 5, 6, 7], ""depth"": 0}, {""scope"": [2, 4], ""allowed"": [1, 3], ""depth"": 0}, {""scope"": [2, 5], ""allowed"": [0, 1, 2], ""depth"": 0}], ""new_relation"": {""scope"": [3, 4, 5], ""allowed"": [0, 1, 2, 3], ""depth"": 1}, ""resulting_state_sha256"": ""8fc3597388d1b7f9404afd2ba958eb30244d0527890c104434d2699a1c0d26b8""}]"
