step,relation_count,max_arity,mean_depth,common_classes,affine_fraction,bijunctive_fraction,horn_fraction,dual_horn_fraction,zero_valid_fraction,one_valid_fraction
0,1344,3,0.0,[],0.14285714285714285,0.7142857142857143,0.6547619047619048,0.6755952380952381,0.7410714285714286,0.7507440476190477
1,1341,3,0.0007457121551081282,[],0.1424310216256525,0.7143922445935869,0.6539895600298284,0.6748695003728561,0.7404921700223713,0.750186428038777
2,1340,3,0.0014925373134328358,[],0.1417910447761194,0.7141791044776119,0.6537313432835821,0.6746268656716418,0.7402985074626866,0.75
3,1337,3,0.002243829468960359,[],0.14210919970082272,0.7142857142857143,0.6529543754674645,0.674644727000748,0.7397157816005984,0.74943904263276
4,1336,3,0.0029940119760479044,[],0.14146706586826346,0.7140718562874252,0.6526946107784432,0.6744011976047904,0.7395209580838323,0.749251497005988
5,1333,3,0.0037509377344336083,[],0.1417854463615904,0.714178544636159,0.6526631657914479,0.6744186046511628,0.7389347336834209,0.7486871717929482
6,1332,3,0.0045045045045045045,[],0.14114114114114115,0.713963963963964,0.6531531531531531,0.674924924924925,0.7394894894894894,0.75
7,1329,3,0.005267118133935289,[],0.14070729872084273,0.7140707298720843,0.653122648607976,0.6749435665914221,0.7389014296463506,0.7509405568096313
8,1328,3,0.006024096385542169,[],0.14006024096385541,0.713855421686747,0.6528614457831325,0.6754518072289156,0.7387048192771084,0.7515060240963856
9,1325,3,0.006792452830188679,[],0.13962264150943396,0.7139622641509434,0.6520754716981132,0.6762264150943397,0.7381132075471698,0.7532075471698113
10,1324,3,0.0075528700906344415,[],0.13897280966767372,0.7137462235649547,0.6518126888217523,0.6759818731117825,0.7379154078549849,0.7530211480362538
11,1321,3,0.008327024981074944,[],0.13853141559424678,0.7138531415594247,0.6510219530658592,0.6752460257380772,0.7373202119606359,0.7524602573807722
12,1320,3,0.00909090909090909,[],0.13787878787878788,0.7136363636363636,0.6515151515151515,0.6765151515151515,0.7378787878787879,0.7537878787878788
13,1317,3,0.009870918754745633,[],0.13743356112376615,0.7137433561123766,0.6514806378132119,0.6765375854214123,0.738800303720577,0.7532270311313591
14,1316,3,0.010638297872340425,[],0.13677811550151975,0.7135258358662614,0.6512158054711246,0.6770516717325228,0.7386018237082067,0.7537993920972644
15,1313,3,0.011424219345011425,[],0.13632901751713633,0.7136329017517137,0.6511805026656512,0.6770753998476771,0.738004569687738,0.7547600913937548
16,1312,3,0.012195121951219513,[],0.13567073170731708,0.7134146341463414,0.6509146341463414,0.676829268292683,0.7378048780487805,0.7545731707317073
17,1309,3,0.012987012987012988,[],0.1359816653934301,0.7135217723453018,0.6508785332314744,0.6776165011459129,0.7387318563789153,0.7547746371275783
18,1308,3,0.013761467889908258,[],0.1353211009174312,0.713302752293578,0.650611620795107,0.6773700305810397,0.7385321100917431,0.7545871559633027
19,1305,3,0.014559386973180077,[],0.135632183908046,0.7134099616858237,0.6505747126436782,0.6766283524904214,0.7379310344827587,0.7540229885057471
20,1304,3,0.015337423312883436,[],0.13496932515337423,0.7131901840490797,0.6510736196319018,0.6771472392638037,0.7377300613496932,0.754601226993865
21,1301,3,0.01614142966948501,[],0.1345119139123751,0.7132974634896234,0.6510376633358954,0.6771714066102997,0.7386625672559569,0.7540353574173713
22,1300,3,0.016923076923076923,[],0.13384615384615384,0.713076923076923,0.6507692307692308,0.676923076923077,0.7384615384615385,0.7538461538461538
23,1297,3,0.017733230531996914,[],0.13338473400154202,0.7131842713955281,0.6499614494988435,0.6761757902852737,0.7378565921356978,0.7532767925983038
24,1296,3,0.018518518518518517,[],0.13271604938271606,0.7129629629629629,0.6504629629629629,0.6774691358024691,0.7384259259259259,0.7546296296296297
25,1293,3,0.019334880123743233,[],0.13302397525135345,0.7130703789636504,0.6504253673627224,0.6774941995359629,0.7378190255220418,0.7540603248259861
26,1292,3,0.020123839009287926,[],0.1323529411764706,0.7128482972136223,0.6501547987616099,0.6772445820433437,0.7376160990712074,0.7538699690402477
27,1289,3,0.02094647013188518,[],0.13266097750193948,0.712955779674166,0.6493405740884407,0.6772692009309542,0.7370054305663305,0.7532971295577967
28,1288,3,0.021739130434782608,[],0.13198757763975155,0.7127329192546584,0.6498447204968945,0.6777950310559007,0.7375776397515528,0.7531055900621118
29,1285,3,0.022568093385214007,[],0.13229571984435798,0.7128404669260701,0.6498054474708171,0.6778210116731518,0.7369649805447471,0.7525291828793774
30,1284,3,0.02336448598130841,[],0.13161993769470404,0.7126168224299065,0.6495327102803738,0.677570093457944,0.7367601246105919,0.7523364485981309
31,1281,3,0.02419984387197502,[],0.13192818110850899,0.7127244340359095,0.6494925839188135,0.6783762685402029,0.7377049180327869,0.7525370804059328
32,1280,3,0.025,[],0.13125,0.7125,0.64921875,0.678125,0.7375,0.75234375
33,1277,3,0.025841816758026624,[],0.1307752545027408,0.7126076742364917,0.6483946750195771,0.6773688332028192,0.7368833202819107,0.7517619420516837
34,1276,3,0.02664576802507837,[],0.13009404388714735,0.7123824451410659,0.6496865203761756,0.6778996865203761,0.7382445141065831,0.7523510971786834
35,1273,3,0.02749410840534171,[],0.12961508248232523,0.7124901806755696,0.6488609583660644,0.6787117046347211,0.7376276512175962,0.7541241162608012
36,1272,3,0.02830188679245283,[],0.1289308176100629,0.7122641509433962,0.6501572327044025,0.6792452830188679,0.7389937106918238,0.7547169811320755
37,1269,3,0.029156816390858944,[],0.12923561859732072,0.7123719464144996,0.6493301812450749,0.6792750197005516,0.7383766745468873,0.7541371158392435
38,1268,3,0.02996845425867508,[],0.12854889589905363,0.7121451104100947,0.6490536277602523,0.6790220820189274,0.7381703470031545,0.7539432176656151
39,1265,3,0.0308300395256917,[],0.12806324110671938,0.7122529644268775,0.6490118577075099,0.6790513833992095,0.7375494071146245,0.7549407114624506
40,1264,3,0.03164556962025317,[],0.127373417721519,0.7120253164556962,0.6495253164556962,0.6787974683544303,0.7381329113924051,0.754746835443038
41,1261,3,0.03251387787470262,[],0.12767644726407612,0.7121332275971451,0.6494845360824743,0.6780333068992863,0.7375099127676448,0.7541633624107851
42,1260,3,0.03333333333333333,[],0.12698412698412698,0.7119047619047619,0.6492063492063492,0.6777777777777778,0.7373015873015873,0.753968253968254
43,1257,3,0.03420843277645187,[],0.12649164677804295,0.7120127287191726,0.649164677804296,0.6778042959427207,0.7366746221161495,0.7549721559268099
44,1256,3,0.03503184713375796,[],0.12579617834394904,0.7117834394904459,0.6488853503184714,0.677547770700637,0.7364649681528662,0.7547770700636943
45,1253,3,0.035913806863527534,[],0.12529928172386273,0.7118914604948124,0.6480446927374302,0.6767757382282522,0.7358339984038308,0.7541899441340782
46,1252,3,0.036741214057507986,[],0.12460063897763578,0.7116613418530351,0.6477635782747604,0.6765175718849841,0.7356230031948882,0.7539936102236422
47,1249,3,0.03763010408326661,[],0.12489991993594876,0.7117694155324259,0.6469175340272217,0.6765412329863891,0.7349879903923139,0.7534027221777422
48,1248,3,0.038461538461538464,[],0.12419871794871795,0.7115384615384616,0.6474358974358975,0.6770833333333334,0.7355769230769231,0.7532051282051282
49,1245,3,0.0393574297188755,[],0.12369477911646587,0.7116465863453815,0.6465863453815262,0.6779116465863454,0.7349397590361446,0.7550200803212851
50,1244,3,0.04019292604501608,[],0.1229903536977492,0.7114147909967846,0.6479099678456591,0.6784565916398714,0.7363344051446945,0.7556270096463023
51,1241,3,0.0410958904109589,[],0.12248186946011282,0.7115229653505237,0.6478646253021757,0.6784850926672039,0.7373086220789685,0.7550362610797744
52,1240,3,0.041935483870967745,[],0.1217741935483871,0.7112903225806452,0.6483870967741936,0.6782258064516129,0.7379032258064516,0.7548387096774194
53,1237,3,0.04284559417946645,[],0.12206952303961197,0.7113985448666128,0.6483427647534358,0.677445432497979,0.7372675828617623,0.7542441390460792
54,1236,3,0.043689320388349516,[],0.12135922330097088,0.7111650485436893,0.6488673139158576,0.6779935275080906,0.7370550161812298,0.7548543689320388
55,1233,3,0.04460665044606651,[],0.12084347120843471,0.7112733171127331,0.6496350364963503,0.6772100567721006,0.7388483373884833,0.754257907542579
56,1232,3,0.045454545454545456,[],0.12012987012987013,0.711038961038961,0.6493506493506493,0.676948051948052,0.7386363636363636,0.7540584415584416
57,1229,3,0.046379170056956874,[],0.12042310821806347,0.7111472742066721,0.6501220504475184,0.6769731489015459,0.7388120423108218,0.7550854353132628
58,1228,3,0.04723127035830619,[],0.11970684039087948,0.7109120521172638,0.6506514657980456,0.6775244299674267,0.739413680781759,0.754885993485342
59,1225,3,0.04816326530612245,[],0.11918367346938775,0.7110204081632653,0.6514285714285715,0.676734693877551,0.7412244897959184,0.7542857142857143
60,1224,3,0.049019607843137254,[],0.1184640522875817,0.7107843137254902,0.6511437908496732,0.6764705882352942,0.7410130718954249,0.7540849673202614
61,1221,3,0.049959049959049956,[],0.11793611793611794,0.7108927108927109,0.6511056511056511,0.6764946764946765,0.7403767403767404,0.7551187551187551
62,1220,3,0.05081967213114754,[],0.11721311475409836,0.7106557377049181,0.6508196721311476,0.6770491803278689,0.7401639344262295,0.7557377049180328
63,1217,3,0.051766639276910435,[],0.11668036154478226,0.7107641741988496,0.6499589153656532,0.6778964667214462,0.7395234182415776,0.7576006573541495
64,1216,3,0.05263157894736842,[],0.11595394736842106,0.7105263157894737,0.649671052631579,0.6776315789473685,0.7393092105263158,0.7574013157894737
65,1213,3,0.05358615004122012,[],0.11624072547403133,0.7106347897774113,0.6504534212695795,0.6776586974443528,0.7394888705688376,0.7584501236603463
66,1212,3,0.054455445544554455,[],0.11551155115511551,0.7103960396039604,0.6501650165016502,0.6773927392739274,0.7392739273927392,0.7582508250825083
67,1209,3,0.055417700578990904,[],0.11497105045492143,0.7105045492142267,0.6492969396195203,0.6782464846980976,0.738626964433416,0.760132340777502
68,1208,3,0.056291390728476824,[],0.11423841059602649,0.7102649006622517,0.6490066225165563,0.6779801324503312,0.7384105960264901,0.7599337748344371
69,1205,3,0.05726141078838174,[],0.11369294605809128,0.7103734439834025,0.6481327800829876,0.6771784232365146,0.7377593360995851,0.7593360995850622
70,1204,3,0.05813953488372093,[],0.11295681063122924,0.7101328903654485,0.6478405315614618,0.6769102990033222,0.7375415282392026,0.7591362126245847
71,1201,3,0.059117402164862616,[],0.11240632805995004,0.7102414654454621,0.6477935054121565,0.6769358867610324,0.7385512073272273,0.7585345545378851
72,1200,3,0.06,[],0.11166666666666666,0.71,0.6475,0.6766666666666666,0.7383333333333333,0.7583333333333333
73,1197,3,0.06098579782790309,[],0.11194653299916457,0.7101086048454469,0.6466165413533834,0.6766917293233082,0.7376775271512114,0.7577276524644946
74,1196,3,0.061872909698996656,[],0.11120401337792642,0.709866220735786,0.6463210702341137,0.6764214046822743,0.7374581939799331,0.7575250836120402
75,1193,3,0.06286672254819782,[],0.11148365465213747,0.7099748533109808,0.647108130762783,0.6764459346186086,0.7376362112321878,0.7585917854149203
76,1192,3,0.06375838926174497,[],0.11073825503355705,0.709731543624161,0.6468120805369127,0.6761744966442953,0.7374161073825504,0.7583892617449665
77,1189,3,0.06476030277544155,[],0.11101766190075694,0.7098402018502944,0.6467619848612279,0.6761984861227922,0.736753574432296,0.7577796467619848
78,1188,3,0.06565656565656566,[],0.11026936026936027,0.7095959595959596,0.6464646464646465,0.6759259259259259,0.7365319865319865,0.7575757575757576
79,1185,3,0.06666666666666667,[],0.11054852320675106,0.7097046413502109,0.6464135021097046,0.6759493670886076,0.7358649789029535,0.7569620253164557
80,1184,3,0.06756756756756757,[],0.1097972972972973,0.7094594594594594,0.6469594594594594,0.6765202702702703,0.737331081081081,0.7576013513513513
81,1181,3,0.06858594411515664,[],0.10922946655376799,0.7095681625740897,0.6469093988145639,0.676545300592718,0.7366638441998307,0.7586790855207451
82,1180,3,0.06949152542372881,[],0.10847457627118644,0.7093220338983051,0.6466101694915254,0.676271186440678,0.7364406779661017,0.7584745762711864
83,1177,3,0.07051826677994902,[],0.10790144435004248,0.7094307561597282,0.6457094307561597,0.675446049277825,0.735768903993203,0.7578589634664401
84,1176,3,0.07142857142857142,[],0.10714285714285714,0.7091836734693877,0.6462585034013606,0.6768707482993197,0.7363945578231292,0.7593537414965986
85,1173,3,0.07246376811594203,[],0.10741687979539642,0.7092924126172208,0.6462063086104007,0.6768968456947997,0.7357203751065644,0.7587382779198636
86,1172,3,0.07337883959044368,[],0.10665529010238908,0.7090443686006825,0.6459044368600683,0.6766211604095563,0.735494880546075,0.7585324232081911
87,1169,3,0.07442258340461934,[],0.10607356715141146,0.7091531223267751,0.6458511548331908,0.6766467065868264,0.7365269461077845,0.757912745936698
88,1168,3,0.07534246575342465,[],0.1053082191780822,0.708904109589041,0.6455479452054794,0.6763698630136986,0.7363013698630136,0.7577054794520548
89,1165,3,0.07639484978540773,[],0.10472103004291845,0.7090128755364807,0.6454935622317597,0.6763948497854078,0.7373390557939914,0.7570815450643776
90,1164,3,0.07731958762886598,[],0.10395189003436427,0.7087628865979382,0.6451890034364262,0.6769759450171822,0.7371134020618557,0.7577319587628866
91,1161,3,0.07838070628768304,[],0.10335917312661498,0.7088716623600344,0.6442721791559001,0.6761412575366064,0.7364341085271318,0.7571059431524548
92,1160,3,0.07931034482758621,[],0.10258620689655172,0.7086206896551724,0.6448275862068965,0.6775862068965517,0.7370689655172413,0.7586206896551724
93,1157,3,0.08038029386343994,[],0.10198789974070872,0.7087294727744166,0.6456352636127917,0.6767502160760588,0.7389801210025929,0.7579948141745895
94,1156,3,0.08131487889273356,[],0.10121107266435986,0.7084775086505191,0.6453287197231834,0.6764705882352942,0.7387543252595156,0.7577854671280276
95,1153,3,0.0823937554206418,[],0.10060711188204684,0.7085862966175195,0.645273200346921,0.6764960971379012,0.738074588031223,0.7588898525585429
96,1152,3,0.08333333333333333,[],0.0998263888888889,0.7083333333333334,0.6449652777777778,0.6770833333333334,0.7378472222222222,0.7595486111111112
97,1149,3,0.08442123585726719,[],0.10008703220191471,0.7084421235857267,0.6449086161879896,0.6771105308964317,0.7371627502175805,0.7589208006962577
98,1148,3,0.08536585365853659,[],0.09930313588850175,0.7081881533101045,0.6445993031358885,0.676829268292683,0.7369337979094077,0.7587108013937283
99,1145,3,0.08646288209606987,[],0.09868995633187773,0.7082969432314411,0.645414847161572,0.6759825327510917,0.7388646288209607,0.7580786026200873
100,1144,3,0.08741258741258741,[],0.0979020979020979,0.708041958041958,0.6451048951048951,0.6756993006993007,0.7386363636363636,0.7578671328671329
101,1141,3,0.08851884312007012,[],0.09728308501314636,0.708150744960561,0.6441717791411042,0.6765994741454864,0.7379491673970202,0.7598597721297108
102,1140,3,0.08947368421052632,[],0.09649122807017543,0.7078947368421052,0.643859649122807,0.6763157894736842,0.737719298245614,0.7596491228070176
103,1137,3,0.09058927000879508,[],0.09674582233948989,0.7080035180299032,0.6437994722955145,0.6772207563764292,0.7387862796833773,0.7598944591029023
104,1136,3,0.09154929577464789,[],0.09595070422535211,0.7077464788732394,0.6434859154929577,0.6769366197183099,0.738556338028169,0.7596830985915493
105,1133,3,0.09267431597528684,[],0.09532215357458076,0.707855251544572,0.6425419240953222,0.676081200353045,0.7378640776699029,0.7590467784642542
106,1132,3,0.09363957597173145,[],0.09452296819787986,0.7075971731448764,0.6431095406360424,0.6775618374558304,0.7385159010600707,0.7606007067137809
107,1129,3,0.09477413640389726,[],0.09388839681133747,0.7077059344552702,0.6421612046058459,0.6767050487156776,0.7378210806023029,0.7599645704162976
108,1128,3,0.09574468085106383,[],0.09308510638297872,0.7074468085106383,0.6418439716312057,0.6764184397163121,0.7375886524822695,0.7597517730496454
109,1125,3,0.09688888888888889,[],0.09333333333333334,0.7075555555555556,0.6417777777777778,0.6764444444444444,0.7368888888888889,0.7591111111111111
110,1124,3,0.09786476868327403,[],0.09252669039145907,0.7072953736654805,0.6423487544483986,0.6770462633451957,0.7384341637010676,0.7597864768683275
111,1121,3,0.09901873327386262,[],0.09188224799286351,0.7074041034790366,0.6431757359500446,0.6761819803746655,0.7404103479036575,0.7591436217662801
112,1120,3,0.1,[],0.09107142857142857,0.7071428571428572,0.6428571428571429,0.6758928571428572,0.7401785714285715,0.7589285714285714
113,1117,3,0.10116383169203223,[],0.09042076991942703,0.7072515666965085,0.6436884512085944,0.675022381378693,0.7421665174574754,0.7582811101163832
114,1116,3,0.10215053763440861,[],0.08960573476702509,0.706989247311828,0.6442652329749103,0.6765232974910395,0.742831541218638,0.7598566308243727
115,1113,3,0.10332434860736747,[],0.0889487870619946,0.7070979335130279,0.6442048517520216,0.6765498652291105,0.7439353099730458,0.7592093441150045
116,1112,3,0.10431654676258993,[],0.08812949640287769,0.7068345323741008,0.6438848920863309,0.6762589928057554,0.7437050359712231,0.7589928057553957
117,1109,3,0.1055004508566276,[],0.08746618575293057,0.7069431920649234,0.6429215509467989,0.6753832281334535,0.7430117222723174,0.7583408476104598
118,1108,3,0.10649819494584838,[],0.08664259927797834,0.7066787003610109,0.6435018050541517,0.6768953068592057,0.7436823104693141,0.759927797833935
119,1105,3,0.1076923076923077,[],0.08687782805429864,0.7067873303167421,0.6434389140271494,0.676923076923077,0.7429864253393665,0.7592760180995475
120,1104,3,0.10869565217391304,[],0.08605072463768115,0.7065217391304348,0.6431159420289855,0.6766304347826086,0.7427536231884058,0.7590579710144928
121,1101,3,0.10990009082652134,[],0.08628519527702089,0.706630336058129,0.6430517711171662,0.6766575840145322,0.7420526793823796,0.7584014532243415
122,1100,3,0.11090909090909092,[],0.08545454545454545,0.7063636363636364,0.6436363636363637,0.6772727272727272,0.7427272727272727,0.76
123,1097,3,0.11212397447584321,[],0.08568824065633546,0.7064721969006381,0.6435733819507748,0.6763901549680948,0.7420237010027347,0.7593436645396536
124,1096,3,0.11313868613138686,[],0.08485401459854014,0.7062043795620438,0.6441605839416058,0.677007299270073,0.7417883211678832,0.760036496350365
125,1093,3,0.11436413540713632,[],0.08417200365965233,0.7063129002744739,0.6431838975297347,0.6779505946935042,0.7410795974382434,0.7621225983531564
126,1092,3,0.11538461538461539,[],0.08333333333333333,0.7060439560439561,0.6446886446886447,0.6785714285714286,0.7426739926739927,0.7628205128205128
127,1089,3,0.11662075298438934,[],0.08264462809917356,0.7061524334251607,0.6446280991735537,0.6786042240587695,0.7419651056014692,0.7640036730945822
128,1088,3,0.11764705882352941,[],0.0818014705882353,0.7058823529411765,0.6452205882352942,0.6783088235294118,0.7426470588235294,0.7637867647058824
129,1086,3,0.11878453038674033,[],0.08103130755064457,0.7053406998158379,0.6445672191528545,0.6777163904235728,0.7421731123388582,0.7633517495395948
130,1084,3,0.11992619926199262,[],0.08025830258302583,0.7047970479704797,0.6439114391143912,0.6771217712177122,0.7416974169741697,0.7629151291512916
131,1082,3,0.12107208872458411,[],0.07948243992606285,0.7042513863216266,0.6441774491682071,0.6765249537892791,0.7412199630314233,0.7624768946395564
132,1080,3,0.12222222222222222,[],0.0787037037037037,0.7037037037037037,0.6453703703703704,0.6768518518518518,0.7425925925925926,0.7638888888888888
133,1078,3,0.12337662337662338,[],0.07792207792207792,0.7031539888682746,0.6447124304267161,0.6762523191094619,0.7421150278293135,0.7634508348794063
134,1076,3,0.12453531598513011,[],0.07713754646840149,0.7026022304832714,0.6440520446096655,0.6756505576208178,0.741635687732342,0.7630111524163569
135,1074,3,0.12569832402234637,[],0.07635009310986965,0.702048417132216,0.6433891992551211,0.6759776536312849,0.7411545623836127,0.7625698324022346
136,1072,3,0.12686567164179105,[],0.07555970149253731,0.7014925373134329,0.6436567164179104,0.6753731343283582,0.7406716417910447,0.7621268656716418
137,1070,3,0.1280373831775701,[],0.07476635514018691,0.7009345794392523,0.6439252336448598,0.6766355140186916,0.7420560747663552,0.7635514018691589
138,1068,3,0.12921348314606743,[],0.07397003745318352,0.700374531835206,0.6432584269662921,0.6760299625468165,0.7415730337078652,0.7631086142322098
139,1066,3,0.1303939962476548,[],0.07317073170731707,0.699812382739212,0.6425891181988743,0.6763602251407129,0.7410881801125704,0.7626641651031895
140,1064,3,0.13157894736842105,[],0.07236842105263158,0.6992481203007519,0.6419172932330827,0.6757518796992481,0.7406015037593985,0.7622180451127819
141,1062,3,0.1327683615819209,[],0.07156308851224105,0.6986817325800376,0.6431261770244822,0.6760828625235404,0.7419962335216572,0.763653483992467
142,1060,3,0.1339622641509434,[],0.07075471698113207,0.6981132075471698,0.6424528301886793,0.6754716981132075,0.7415094339622641,0.7632075471698113
143,1058,3,0.13516068052930058,[],0.06994328922495274,0.6975425330812854,0.6417769376181475,0.6758034026465028,0.7410207939508506,0.7627599243856332
144,1056,3,0.13636363636363635,[],0.06912878787878787,0.696969696969697,0.6410984848484849,0.6751893939393939,0.740530303030303,0.7623106060606061
145,1054,3,0.13757115749525617,[],0.0683111954459203,0.6963946869070209,0.6413662239089184,0.6764705882352942,0.7419354838709677,0.7637571157495257
146,1052,3,0.13878326996197718,[],0.06749049429657794,0.6958174904942965,0.6416349809885932,0.6777566539923955,0.7433460076045627,0.7642585551330798
147,1050,3,0.14,[],0.06666666666666667,0.6952380952380952,0.6409523809523809,0.6780952380952381,0.7428571428571429,0.7638095238095238
148,1048,3,0.14122137404580154,[],0.06583969465648855,0.6946564885496184,0.6402671755725191,0.6774809160305344,0.7423664122137404,0.7633587786259542
149,1046,3,0.14244741873804972,[],0.06500956022944551,0.6940726577437859,0.641491395793499,0.6778202676864244,0.7437858508604207,0.7648183556405354
150,1044,3,0.14367816091954022,[],0.06417624521072797,0.6934865900383141,0.6408045977011494,0.6772030651340997,0.7432950191570882,0.764367816091954
151,1042,3,0.14491362763915547,[],0.06333973128598848,0.6928982725527831,0.6410748560460653,0.6765834932821497,0.7428023032629558,0.7648752399232246
152,1040,3,0.14615384615384616,[],0.0625,0.6923076923076923,0.6423076923076924,0.676923076923077,0.7442307692307693,0.7663461538461539
153,1038,3,0.14739884393063585,[],0.06165703275529865,0.6917148362235067,0.6435452793834296,0.6772639691714836,0.7447013487475915,0.7678227360308285
154,1036,3,0.14864864864864866,[],0.060810810810810814,0.6911196911196911,0.6428571428571429,0.6776061776061776,0.7451737451737451,0.7673745173745173
155,1034,3,0.14990328820116053,[],0.059961315280464215,0.690522243713733,0.6421663442940039,0.6769825918762089,0.7446808510638298,0.7669245647969052
156,1032,3,0.1511627906976744,[],0.05910852713178295,0.689922480620155,0.6414728682170543,0.6763565891472868,0.7441860465116279,0.7664728682170543
157,1030,3,0.1524271844660194,[],0.05825242718446602,0.6893203883495146,0.6407766990291263,0.6757281553398058,0.7436893203883496,0.7660194174757281
158,1028,3,0.15369649805447472,[],0.057392996108949414,0.688715953307393,0.6400778210116731,0.6750972762645915,0.7431906614785992,0.7655642023346303
159,1026,3,0.15497076023391812,[],0.056530214424951264,0.6881091617933723,0.6393762183235867,0.6744639376218323,0.7426900584795322,0.7651072124756335
160,1024,3,0.15625,[],0.0556640625,0.6875,0.638671875,0.673828125,0.7421875,0.7646484375
161,1022,3,0.15753424657534246,[],0.0547945205479452,0.6868884540117417,0.6379647749510763,0.6731898238747553,0.7416829745596869,0.764187866927593
162,1020,3,0.1588235294117647,[],0.05392156862745098,0.6862745098039216,0.6372549019607843,0.6735294117647059,0.7411764705882353,0.7637254901960784
163,1018,3,0.16011787819253437,[],0.05304518664047151,0.6856581532416502,0.6365422396856582,0.6728880157170923,0.7406679764243614,0.7632612966601179
164,1016,3,0.16141732283464566,[],0.05216535433070866,0.6850393700787402,0.6358267716535433,0.672244094488189,0.7401574803149606,0.7627952755905512
165,1014,3,0.16272189349112426,[],0.05128205128205128,0.6844181459566075,0.636094674556213,0.6735700197238659,0.7416173570019724,0.7642998027613412
166,1012,3,0.16403162055335968,[],0.05039525691699605,0.6837944664031621,0.6353754940711462,0.6729249011857708,0.741106719367589,0.7638339920948617
167,1010,3,0.16534653465346535,[],0.04950495049504951,0.6831683168316832,0.6356435643564357,0.6742574257425743,0.7425742574257426,0.7643564356435644
168,1008,3,0.16666666666666666,[],0.04861111111111111,0.6825396825396826,0.6369047619047619,0.6746031746031746,0.7440476190476191,0.7658730158730159
169,1006,3,0.1679920477137177,[],0.04771371769383698,0.6819085487077535,0.6371769383697813,0.6739562624254473,0.7435387673956262,0.7664015904572564
170,1004,3,0.1693227091633466,[],0.046812749003984064,0.6812749003984063,0.6364541832669323,0.6733067729083665,0.7430278884462151,0.7659362549800797
171,1002,3,0.17065868263473055,[],0.04590818363273453,0.6806387225548902,0.6367265469061876,0.6726546906187625,0.7425149700598802,0.7664670658682635
172,1000,3,0.172,[],0.045,0.68,0.636,0.672,0.742,0.766
173,998,3,0.17334669338677355,[],0.04408817635270541,0.6793587174348698,0.6352705410821643,0.6713426853707415,0.7414829659318637,0.7655310621242485
174,996,3,0.1746987951807229,[],0.04317269076305221,0.678714859437751,0.6355421686746988,0.6726907630522089,0.7429718875502008,0.7660642570281124
175,994,3,0.176056338028169,[],0.04225352112676056,0.6780684104627767,0.6348088531187123,0.6730382293762576,0.7424547283702213,0.7655935613682092
176,992,3,0.1774193548387097,[],0.04133064516129032,0.6774193548387096,0.6350806451612904,0.6723790322580645,0.7419354838709677,0.7651209677419355
177,990,3,0.1787878787878788,[],0.04040404040404041,0.6767676767676768,0.6343434343434343,0.6717171717171717,0.7414141414141414,0.7646464646464647
178,988,3,0.18016194331983806,[],0.039473684210526314,0.6761133603238867,0.6336032388663968,0.6720647773279352,0.7419028340080972,0.7641700404858299
179,986,3,0.1815415821501014,[],0.038539553752535496,0.6754563894523327,0.6328600405679513,0.6713995943204868,0.7413793103448276,0.7636916835699797
180,984,3,0.18292682926829268,[],0.037601626016260166,0.6747967479674797,0.633130081300813,0.6707317073170732,0.7408536585365854,0.7642276422764228
181,982,3,0.18431771894093688,[],0.03665987780040733,0.6741344195519349,0.6344195519348269,0.6710794297352343,0.7423625254582484,0.7657841140529531
182,980,3,0.18571428571428572,[],0.03571428571428571,0.673469387755102,0.6357142857142857,0.6714285714285714,0.7428571428571429,0.7673469387755102
183,978,3,0.18711656441717792,[],0.034764826175869123,0.6728016359918201,0.6349693251533742,0.6707566462167689,0.7423312883435583,0.7668711656441718
184,976,3,0.1885245901639344,[],0.03381147540983607,0.6721311475409836,0.6342213114754098,0.6700819672131147,0.7418032786885246,0.7663934426229508
185,974,3,0.18993839835728954,[],0.03285420944558522,0.6714579055441479,0.63347022587269,0.6694045174537988,0.7412731006160165,0.7659137577002053
186,972,3,0.19135802469135801,[],0.03189300411522634,0.6707818930041153,0.6327160493827161,0.668724279835391,0.7407407407407407,0.7654320987654321
187,970,3,0.19278350515463918,[],0.030927835051546393,0.6701030927835051,0.6319587628865979,0.668041237113402,0.7402061855670103,0.7649484536082474
188,968,3,0.19421487603305784,[],0.029958677685950414,0.6694214876033058,0.631198347107438,0.6673553719008265,0.7396694214876033,0.7644628099173554
189,966,3,0.1956521739130435,[],0.028985507246376812,0.6687370600414079,0.6304347826086957,0.6666666666666666,0.7391304347826086,0.7639751552795031
190,964,3,0.1970954356846473,[],0.028008298755186723,0.6680497925311203,0.6296680497925311,0.6659751037344398,0.7385892116182573,0.7634854771784232
191,962,3,0.19854469854469856,[],0.02702702702702703,0.6673596673596673,0.6299376299376299,0.6652806652806653,0.738045738045738,0.762993762993763
192,960,3,0.2,[],0.026041666666666668,0.6666666666666666,0.6291666666666667,0.665625,0.7385416666666667,0.7625
193,957,3,0.20167189132706373,[],0.025078369905956112,0.6666666666666666,0.6290491118077325,0.6656217345872518,0.7377220480668757,0.7638453500522466
194,954,3,0.20335429769392033,[],0.02620545073375262,0.6666666666666666,0.6289308176100629,0.6656184486373166,0.7389937106918238,0.7631027253668763
195,952,3,0.20378151260504201,[],0.025210084033613446,0.6659663865546218,0.6281512605042017,0.6649159663865546,0.7384453781512605,0.7626050420168067
196,949,3,0.2054794520547945,[],0.02528977871443625,0.6659641728134879,0.6280295047418335,0.6638566912539515,0.7376185458377239,0.761854583772392
197,946,3,0.20718816067653276,[],0.026427061310782242,0.6659619450317125,0.6268498942917548,0.6638477801268499,0.7367864693446089,0.7610993657505285
198,944,3,0.2076271186440678,[],0.025423728813559324,0.6652542372881356,0.6260593220338984,0.6641949152542372,0.736228813559322,0.7616525423728814
199,941,3,0.20935175345377258,[],0.025504782146652496,0.665249734325186,0.6259298618490967,0.6641870350690755,0.7353878852284803,0.7619553666312433
200,938,3,0.21108742004264391,[],0.026652452025586353,0.6652452025586354,0.6257995735607675,0.6631130063965884,0.7345415778251599,0.7611940298507462
201,936,3,0.21153846153846154,[],0.02564102564102564,0.6645299145299145,0.6282051282051282,0.6634615384615384,0.7371794871794872,0.7628205128205128
202,933,3,0.2132904608788853,[],0.02572347266881029,0.6645230439442658,0.6270096463022508,0.6634512325830654,0.7363344051446945,0.7620578778135049
203,930,3,0.21505376344086022,[],0.026881720430107527,0.6645161290322581,0.6268817204301075,0.6623655913978495,0.7354838709677419,0.7612903225806451
204,928,3,0.21551724137931033,[],0.02586206896551724,0.6637931034482759,0.6293103448275862,0.6627155172413793,0.7381465517241379,0.7629310344827587
205,925,3,0.2172972972972973,[],0.025945945945945945,0.6637837837837838,0.6281081081081081,0.6627027027027027,0.7372972972972973,0.7621621621621621
206,922,3,0.21908893709327548,[],0.027114967462039046,0.6637744034707158,0.6279826464208242,0.6616052060737527,0.7364425162689805,0.7613882863340564
207,920,3,0.21956521739130436,[],0.02608695652173913,0.6630434782608695,0.6282608695652174,0.6641304347826087,0.7380434782608696,0.7641304347826087
208,917,3,0.22137404580152673,[],0.026172300981461286,0.6630316248636859,0.6292257360959651,0.6652126499454744,0.7393675027262814,0.7655398037077427
209,914,3,0.22319474835886213,[],0.02735229759299781,0.6630196936542669,0.6280087527352297,0.6652078774617067,0.7385120350109409,0.7647702407002188
210,912,3,0.2236842105263158,[],0.02631578947368421,0.6622807017543859,0.6271929824561403,0.6644736842105263,0.7379385964912281,0.7642543859649122
211,909,3,0.22552255225522552,[],0.025302530253025302,0.6622662266226622,0.6259625962596259,0.6633663366336634,0.7370737073707371,0.7634763476347635
212,906,3,0.22737306843267108,[],0.026490066225165563,0.6622516556291391,0.6247240618101545,0.6622516556291391,0.7362030905077263,0.7626931567328918
213,904,3,0.22787610619469026,[],0.025442477876106196,0.661504424778761,0.6272123893805309,0.6626106194690266,0.7389380530973452,0.7643805309734514
214,901,3,0.2297447280799112,[],0.025527192008879023,0.6614872364039955,0.6270810210876804,0.6614872364039955,0.7380688124306326,0.7635960044395117
215,898,3,0.23162583518930957,[],0.026726057906458798,0.6614699331848553,0.6280623608017817,0.6625835189309577,0.7394209354120267,0.765033407572383
216,896,3,0.23214285714285715,[],0.025669642857142856,0.6607142857142857,0.6272321428571429,0.6618303571428571,0.7388392857142857,0.7645089285714286
217,893,3,0.23404255319148937,[],0.02463605823068309,0.6606942889137738,0.6270996640537514,0.6618141097424413,0.7379619260918253,0.7648376259798432
218,890,3,0.23595505617977527,[],0.025842696629213482,0.6606741573033708,0.6269662921348315,0.6617977528089888,0.7370786516853932,0.7662921348314606
219,888,3,0.23648648648648649,[],0.024774774774774775,0.6599099099099099,0.6272522522522522,0.661036036036036,0.7376126126126126,0.7657657657657657
220,885,3,0.2384180790960452,[],0.023728813559322035,0.6598870056497175,0.6259887005649718,0.6598870056497175,0.7367231638418079,0.7649717514124293
221,882,3,0.24036281179138322,[],0.024943310657596373,0.6598639455782312,0.6247165532879818,0.6609977324263039,0.735827664399093,0.7664399092970522
222,880,3,0.2409090909090909,[],0.023863636363636365,0.6590909090909091,0.625,0.6602272727272728,0.7352272727272727,0.7659090909090909
223,877,3,0.24287343215507412,[],0.02394526795895097,0.6590649942987458,0.6248574686431014,0.6602052451539339,0.7354618015963512,0.766248574686431
224,874,3,0.2448512585812357,[],0.02517162471395881,0.6590389016018307,0.6258581235697941,0.6613272311212814,0.7368421052631579,0.7677345537757437
225,872,3,0.24541284403669725,[],0.02408256880733945,0.658256880733945,0.6261467889908257,0.6605504587155964,0.7373853211009175,0.7672018348623854
226,869,3,0.2474108170310702,[],0.024165707710011506,0.6582278481012658,0.6248561565017261,0.6605293440736478,0.7364787111622555,0.766398158803222
227,866,3,0.24942263279445728,[],0.025404157043879907,0.6581986143187067,0.6247113163972287,0.6593533487297921,0.7355658198614319,0.7655889145496536
228,864,3,0.25,[],0.024305555555555556,0.6574074074074074,0.625,0.6597222222222222,0.7372685185185185,0.7650462962962963
229,861,3,0.25203252032520324,[],0.024390243902439025,0.6573751451800233,0.6248548199767712,0.6585365853658537,0.7363530778164924,0.7642276422764228
230,858,3,0.2540792540792541,[],0.02564102564102564,0.6573426573426573,0.6258741258741258,0.6596736596736597,0.7377622377622378,0.7657342657342657
231,856,3,0.2546728971962617,[],0.02453271028037383,0.6565420560747663,0.625,0.6588785046728972,0.7371495327102804,0.7651869158878505
232,853,3,0.2567409144196952,[],0.0246189917936694,0.6565064478311841,0.6236811254396248,0.6588511137162955,0.7362250879249707,0.7643610785463072
233,850,3,0.25882352941176473,[],0.02588235294117647,0.6564705882352941,0.6235294117647059,0.6576470588235294,0.7352941176470589,0.7635294117647059
234,848,3,0.25943396226415094,[],0.024764150943396228,0.6556603773584906,0.6238207547169812,0.6568396226415094,0.7346698113207547,0.7629716981132075
235,845,3,0.26153846153846155,[],0.02485207100591716,0.6556213017751479,0.6236686390532544,0.6556213017751479,0.7337278106508875,0.762130177514793
236,842,3,0.26365795724465557,[],0.026128266033254157,0.6555819477434679,0.6247030878859857,0.6567695961995249,0.7351543942992874,0.7636579572446556
237,840,3,0.2642857142857143,[],0.025,0.6547619047619048,0.625,0.655952380952381,0.7357142857142858,0.763095238095238
238,837,3,0.26642771804062126,[],0.025089605734767026,0.6547192353643967,0.6236559139784946,0.6559139784946236,0.7347670250896058,0.7622461170848268
239,834,3,0.2685851318944844,[],0.026378896882494004,0.6546762589928058,0.6235011990407674,0.6546762589928058,0.7338129496402878,0.7613908872901679
240,832,3,0.2692307692307692,[],0.025240384615384616,0.6538461538461539,0.6237980769230769,0.6550480769230769,0.7331730769230769,0.7632211538461539
241,829,3,0.27141133896260555,[],0.025331724969843185,0.6537997587454765,0.623642943305187,0.6550060313630881,0.7322074788902292,0.7635705669481303
242,826,3,0.2736077481840194,[],0.026634382566585957,0.6537530266343826,0.6234866828087167,0.6537530266343826,0.7312348668280871,0.7627118644067796
243,824,3,0.27427184466019416,[],0.025485436893203883,0.6529126213592233,0.6237864077669902,0.654126213592233,0.7330097087378641,0.7621359223300971
244,821,3,0.27649208282582216,[],0.025578562728380026,0.6528623629719854,0.6236297198538368,0.6528623629719854,0.7320341047503045,0.761266747868453
245,818,3,0.2787286063569682,[],0.02689486552567237,0.6528117359413202,0.6222493887530562,0.6528117359413202,0.7310513447432763,0.7603911980440098
246,816,3,0.27941176470588236,[],0.025735294117647058,0.6519607843137255,0.6225490196078431,0.6531862745098039,0.7303921568627451,0.7622549019607843
247,813,3,0.2816728167281673,[],0.024600246002460024,0.6519065190651907,0.6236162361623616,0.6519065190651907,0.7330873308733087,0.7626076260762608
248,810,3,0.2839506172839506,[],0.025925925925925925,0.6518518518518519,0.6222222222222222,0.6530864197530865,0.7320987654320987,0.7641975308641975
249,808,3,0.28465346534653463,[],0.024752475247524754,0.650990099009901,0.6225247524752475,0.6534653465346535,0.7339108910891089,0.7636138613861386
250,805,3,0.28695652173913044,[],0.024844720496894408,0.6509316770186335,0.622360248447205,0.6521739130434783,0.7329192546583851,0.7627329192546584
251,802,3,0.2892768079800499,[],0.026184538653366583,0.6508728179551122,0.6209476309226932,0.6521197007481296,0.7319201995012469,0.7618453865336658
252,800,3,0.29,[],0.025,0.65,0.62,0.65125,0.73125,0.76125
253,797,3,0.29234629861982436,[],0.025094102885821833,0.6499372647427855,0.6198243412797992,0.6511919698870765,0.7314930991217063,0.7603513174404015
254,794,3,0.2947103274559194,[],0.02644836272040302,0.6498740554156172,0.6183879093198993,0.6511335012594458,0.7304785894206549,0.7594458438287154
255,792,3,0.29545454545454547,[],0.025252525252525252,0.648989898989899,0.6212121212121212,0.6515151515151515,0.7335858585858586,0.7613636363636364
256,789,3,0.29784537389100124,[],0.025348542458808618,0.6489226869455006,0.6210392902408112,0.6514575411913816,0.7338403041825095,0.761723700887199
257,786,3,0.30025445292620867,[],0.026717557251908396,0.648854961832061,0.6221374045801527,0.6526717557251909,0.7353689567430025,0.7633587786259542
258,784,3,0.3010204081632653,[],0.025510204081632654,0.6479591836734694,0.6211734693877551,0.6517857142857143,0.7346938775510204,0.7627551020408163
259,781,3,0.3034571062740077,[],0.02560819462227913,0.647887323943662,0.6209987195902689,0.6504481434058899,0.7336747759282971,0.7618437900128041
260,778,3,0.3059125964010283,[],0.02699228791773779,0.6478149100257069,0.6195372750642674,0.6503856041131105,0.7326478149100257,0.7609254498714653
261,776,3,0.30670103092783507,[],0.02577319587628866,0.6469072164948454,0.6198453608247423,0.6507731958762887,0.7319587628865979,0.7628865979381443
262,773,3,0.3091849935316947,[],0.02457956015523933,0.6468305304010349,0.6209573091849935,0.6494178525226391,0.7335058214747736,0.7619663648124192
263,770,3,0.3116883116883117,[],0.025974025974025976,0.6467532467532467,0.6194805194805195,0.6480519480519481,0.7324675324675325,0.7610389610389611
264,768,3,0.3125,[],0.024739583333333332,0.6458333333333334,0.6197916666666666,0.6484375,0.7317708333333334,0.7630208333333334
265,765,3,0.3150326797385621,[],0.02483660130718954,0.6457516339869281,0.6183006535947713,0.6483660130718955,0.730718954248366,0.7620915032679738
266,762,3,0.31758530183727035,[],0.026246719160104987,0.6456692913385826,0.6181102362204725,0.6469816272965879,0.7296587926509186,0.7611548556430446
267,760,3,0.31842105263157894,[],0.025,0.6447368421052632,0.6171052631578947,0.6460526315789473,0.7289473684210527,0.7605263157894737
268,757,3,0.32100396301188905,[],0.02509907529722589,0.6446499339498019,0.6155878467635403,0.6459709379128138,0.7278731836195509,0.7595772787318362
269,754,3,0.32360742705570295,[],0.026525198938992044,0.6445623342175066,0.6153846153846154,0.6445623342175066,0.726790450928382,0.7586206896551724
270,752,3,0.324468085106383,[],0.02526595744680851,0.6436170212765957,0.6156914893617021,0.6436170212765957,0.726063829787234,0.7579787234042553
271,749,3,0.32710280373831774,[],0.025367156208277702,0.6435246995994659,0.616822429906542,0.6448598130841121,0.7276368491321762,0.7596795727636849
272,746,3,0.3297587131367292,[],0.02680965147453083,0.6434316353887399,0.6152815013404825,0.6447721179624665,0.7265415549597856,0.7587131367292225
273,744,3,0.33064516129032256,[],0.025537634408602152,0.6424731182795699,0.6155913978494624,0.6438172043010753,0.7271505376344086,0.7580645161290323
274,741,3,0.3333333333333333,[],0.024291497975708502,0.6423751686909581,0.6153846153846154,0.6437246963562753,0.728744939271255,0.757085020242915
275,738,3,0.33604336043360433,[],0.025745257452574527,0.6422764227642277,0.6151761517615176,0.6436314363143631,0.7276422764227642,0.7588075880758808
276,736,3,0.33695652173913043,[],0.024456521739130436,0.6413043478260869,0.6141304347826086,0.6426630434782609,0.7269021739130435,0.7581521739130435
277,733,3,0.339699863574352,[],0.02455661664392906,0.6412005457025921,0.6139154160982264,0.6425648021828103,0.7257844474761255,0.7585266030013642
278,730,3,0.3424657534246575,[],0.026027397260273973,0.6410958904109589,0.6136986301369863,0.6410958904109589,0.7246575342465753,0.7575342465753425
279,728,3,0.3434065934065934,[],0.024725274725274724,0.6401098901098901,0.614010989010989,0.6414835164835165,0.7266483516483516,0.7568681318681318
280,725,3,0.34620689655172415,[],0.023448275862068966,0.64,0.6137931034482759,0.6413793103448275,0.7268965517241379,0.7558620689655172
281,722,3,0.3490304709141274,[],0.024930747922437674,0.6398891966759003,0.6135734072022161,0.6412742382271468,0.7285318559556787,0.7548476454293629
282,721,3,0.34535367545076284,[],0.023578363384188627,0.6393897364771152,0.6130374479889042,0.6407766990291263,0.7281553398058253,0.7545076282940361
283,718,3,0.34818941504178275,[],0.022284122562674095,0.6392757660167131,0.6128133704735376,0.6406685236768802,0.7284122562674095,0.7534818941504178
284,715,3,0.35104895104895106,[],0.023776223776223775,0.6391608391608392,0.6125874125874126,0.6405594405594406,0.73006993006993,0.7524475524475525
285,713,3,0.3520336605890603,[],0.02244039270687237,0.638148667601683,0.6115007012622721,0.6395511921458625,0.729312762973352,0.7517531556802244
286,710,3,0.35492957746478876,[],0.022535211267605635,0.6380281690140845,0.6112676056338028,0.6380281690140845,0.7281690140845071,0.7507042253521127
287,707,3,0.3578500707213578,[],0.024045261669024046,0.637906647807638,0.6124469589816125,0.6393210749646393,0.7298444130127298,0.7524752475247525
288,705,3,0.3588652482269504,[],0.02269503546099291,0.6368794326241135,0.6113475177304964,0.6382978723404256,0.7290780141843972,0.75177304964539
289,702,3,0.36182336182336183,[],0.021367521367521368,0.6367521367521367,0.6096866096866097,0.6396011396011396,0.7293447293447294,0.7549857549857549
290,699,3,0.3648068669527897,[],0.022889842632331903,0.6366237482117311,0.6108726752503576,0.6380543633762518,0.7310443490701002,0.753934191702432
291,697,3,0.36585365853658536,[],0.021520803443328552,0.6355810616929699,0.6111908177905309,0.6370157819225251,0.7302725968436155,0.7532281205164992
292,694,3,0.3688760806916426,[],0.021613832853025938,0.6354466858789626,0.6109510086455331,0.6368876080691642,0.7305475504322767,0.7521613832853026
293,691,3,0.3719247467438495,[],0.023154848046309694,0.6353111432706223,0.6092619392185239,0.6367583212735166,0.7293777134587555,0.7510853835021708
294,689,3,0.37300435413642963,[],0.02177068214804064,0.6342525399129173,0.6124818577648766,0.637155297532656,0.7329462989840348,0.7532656023222061
295,686,3,0.3760932944606414,[],0.021865889212827987,0.6341107871720116,0.6107871720116618,0.6370262390670554,0.7317784256559767,0.7521865889212828
296,683,3,0.37920937042459735,[],0.02342606149341142,0.6339677891654466,0.6120058565153733,0.6383601756954612,0.7335285505124451,0.7540263543191801
297,682,3,0.375366568914956,[],0.021994134897360705,0.6334310850439883,0.6114369501466276,0.6378299120234604,0.7331378299120235,0.7536656891495601
298,679,3,0.3784977908689249,[],0.022091310751104567,0.6332842415316642,0.6111929307805597,0.6362297496318114,0.7319587628865979,0.7525773195876289
299,676,3,0.3816568047337278,[],0.023668639053254437,0.6331360946745562,0.6124260355029586,0.6375739644970414,0.7337278106508875,0.7544378698224852
300,674,3,0.3827893175074184,[],0.02225519287833828,0.6320474777448071,0.6112759643916914,0.6364985163204748,0.7329376854599406,0.7537091988130564
301,671,3,0.3859910581222057,[],0.022354694485842028,0.6318926974664679,0.6110283159463488,0.6363636363636364,0.7317436661698957,0.7540983606557377
302,668,3,0.38922155688622756,[],0.023952095808383235,0.6317365269461078,0.6107784431137725,0.6347305389221557,0.7305389221556886,0.7529940119760479
303,666,3,0.39039039039039036,[],0.02252252252252252,0.6306306306306306,0.6111111111111112,0.6351351351351351,0.7297297297297297,0.7552552552552553
304,663,3,0.3936651583710407,[],0.02262443438914027,0.6304675716440422,0.6093514328808446,0.6349924585218703,0.7285067873303167,0.7541478129713424
305,660,3,0.396969696969697,[],0.024242424242424242,0.6303030303030303,0.6090909090909091,0.6333333333333333,0.7272727272727273,0.753030303030303
306,658,3,0.3981762917933131,[],0.022796352583586626,0.6291793313069909,0.60790273556231,0.6337386018237082,0.7264437689969605,0.7537993920972644
307,655,3,0.4015267175572519,[],0.022900763358778626,0.6290076335877862,0.6061068702290077,0.6335877862595419,0.7251908396946565,0.7526717557251908
308,652,3,0.4049079754601227,[],0.024539877300613498,0.6288343558282209,0.6058282208588958,0.6319018404907976,0.7239263803680982,0.7515337423312883
309,650,3,0.40615384615384614,[],0.023076923076923078,0.6276923076923077,0.6061538461538462,0.6323076923076923,0.7230769230769231,0.7538461538461538
310,647,3,0.4095826893353941,[],0.021638330757341576,0.6275115919629057,0.6058732612055642,0.6321483771251932,0.723338485316847,0.7527047913446677
311,644,3,0.41304347826086957,[],0.023291925465838508,0.6273291925465838,0.6055900621118012,0.6319875776397516,0.7251552795031055,0.7515527950310559
312,642,3,0.4143302180685358,[],0.021806853582554516,0.6261682242990654,0.6043613707165109,0.6308411214953271,0.7242990654205608,0.7507788161993769
313,639,3,0.41784037558685444,[],0.02034428794992175,0.6259780907668232,0.6040688575899843,0.6306729264475743,0.7230046948356808,0.7527386541471048
314,636,3,0.42138364779874216,[],0.0220125786163522,0.6257861635220126,0.6037735849056604,0.6305031446540881,0.7248427672955975,0.7515723270440252
315,634,3,0.4227129337539432,[],0.02050473186119874,0.6246056782334385,0.6025236593059937,0.6293375394321766,0.7239747634069401,0.750788643533123
316,631,3,0.42630744849445323,[],0.020602218700475437,0.624405705229794,0.6022187004754358,0.6275752773375595,0.722662440570523,0.7496038034865293
317,628,3,0.4299363057324841,[],0.022292993630573247,0.6242038216560509,0.6035031847133758,0.6289808917197452,0.7245222929936306,0.7515923566878981
318,626,3,0.43130990415335463,[],0.020766773162939296,0.6230031948881789,0.6022364217252396,0.6277955271565495,0.7236421725239617,0.7507987220447284
319,623,3,0.434991974317817,[],0.02086677367576244,0.622792937399679,0.6003210272873194,0.6276083467094703,0.7223113964686998,0.7495987158908507
320,620,3,0.43870967741935485,[],0.02258064516129032,0.6225806451612903,0.6,0.6258064516129033,0.7209677419354839,0.7483870967741936
321,618,3,0.4401294498381877,[],0.021035598705501618,0.6213592233009708,0.6003236245954693,0.6262135922330098,0.7233009708737864,0.7475728155339806
322,615,3,0.44390243902439025,[],0.02113821138211382,0.6211382113821138,0.6,0.6260162601626016,0.7219512195121951,0.7479674796747967
323,612,3,0.4477124183006536,[],0.02287581699346405,0.6209150326797386,0.5996732026143791,0.6241830065359477,0.7205882352941176,0.7467320261437909
324,611,3,0.44353518821603927,[],0.02127659574468085,0.6202945990180033,0.6006546644844517,0.6252045826513911,0.723404255319149,0.7463175122749591
325,608,3,0.4473684210526316,[],0.019736842105263157,0.6200657894736842,0.600328947368421,0.625,0.7220394736842105,0.7483552631578947
326,605,3,0.4512396694214876,[],0.021487603305785124,0.6198347107438017,0.6,0.6247933884297521,0.7239669421487603,0.7471074380165289
327,603,3,0.4527363184079602,[],0.01990049751243781,0.6185737976782753,0.6003316749585407,0.6235489220563848,0.724709784411277,0.746268656716418
328,600,3,0.45666666666666667,[],0.02,0.6183333333333333,0.5983333333333334,0.6233333333333333,0.7233333333333334,0.745
329,597,3,0.46063651591289784,[],0.021775544388609715,0.6180904522613065,0.5996649916247906,0.6247906197654941,0.7252931323283082,0.7470686767169179
330,595,3,0.46218487394957986,[],0.020168067226890758,0.6168067226890757,0.5983193277310924,0.6235294117647059,0.7243697478991596,0.746218487394958
331,592,3,0.46621621621621623,[],0.02027027027027027,0.6165540540540541,0.597972972972973,0.6233108108108109,0.7246621621621622,0.7449324324324325
332,589,3,0.4702886247877759,[],0.022071307300509338,0.6162988115449916,0.5959252971137521,0.6230899830220713,0.7232597623089984,0.7436332767402377
333,588,3,0.46598639455782315,[],0.02040816326530612,0.6156462585034014,0.5969387755102041,0.6241496598639455,0.7227891156462585,0.7465986394557823
334,585,3,0.4700854700854701,[],0.020512820512820513,0.6153846153846154,0.5965811965811966,0.6222222222222222,0.7213675213675214,0.7452991452991453
335,582,3,0.4742268041237113,[],0.022336769759450172,0.6151202749140894,0.5945017182130584,0.6219931271477663,0.7199312714776632,0.7439862542955327
336,580,3,0.47586206896551725,[],0.020689655172413793,0.6137931034482759,0.5948275862068966,0.6224137931034482,0.7189655172413794,0.746551724137931
337,577,3,0.4800693240901213,[],0.019064124783362217,0.6135181975736569,0.5944540727902946,0.6221837088388215,0.7175043327556326,0.7469670710571924
338,574,3,0.4843205574912892,[],0.020905923344947737,0.6132404181184669,0.5940766550522648,0.6219512195121951,0.7160278745644599,0.7491289198606271
339,573,3,0.4799301919720768,[],0.019197207678883072,0.612565445026178,0.5933682373472949,0.6212914485165794,0.7155322862129145,0.7486910994764397
340,570,3,0.4842105263157895,[],0.017543859649122806,0.612280701754386,0.5929824561403508,0.6210526315789474,0.7140350877192982,0.7491228070175439
341,567,3,0.48853615520282184,[],0.019400352733686066,0.6119929453262787,0.5925925925925926,0.6208112874779541,0.7125220458553791,0.7513227513227513
342,566,3,0.4840989399293286,[],0.0176678445229682,0.6113074204946997,0.5918727915194346,0.6201413427561837,0.7120141342756183,0.7508833922261484
343,563,3,0.48845470692717585,[],0.015985790408525755,0.61101243339254,0.5914742451154529,0.6198934280639432,0.7122557726465364,0.7495559502664298
344,560,3,0.4928571428571429,[],0.017857142857142856,0.6107142857142858,0.5910714285714286,0.6196428571428572,0.7142857142857143,0.7482142857142857
345,559,3,0.4883720930232558,[],0.016100178890876567,0.6100178890876565,0.590339892665474,0.6189624329159212,0.7137745974955277,0.7477638640429338
346,556,3,0.49280575539568344,[],0.01618705035971223,0.6097122302158273,0.5899280575539568,0.6187050359712231,0.7122302158273381,0.7482014388489209
347,553,3,0.4972875226039783,[],0.018083182640144666,0.6094032549728752,0.5895117540687161,0.6166365280289331,0.7106690777576854,0.7468354430379747
348,551,3,0.49909255898366606,[],0.016333938294010888,0.6079854809437386,0.5898366606170599,0.617059891107078,0.7132486388384754,0.7459165154264973
349,548,3,0.5036496350364964,[],0.014598540145985401,0.6076642335766423,0.5912408759124088,0.614963503649635,0.7171532846715328,0.7463503649635036
350,545,3,0.5082568807339449,[],0.01651376146788991,0.6073394495412844,0.5889908256880734,0.6165137614678899,0.7155963302752294,0.7486238532110092
351,544,3,0.5036764705882353,[],0.014705882352941176,0.6066176470588235,0.5919117647058824,0.6176470588235294,0.71875,0.7518382352941176
352,541,3,0.5083179297597042,[],0.012939001848428836,0.6062846580406654,0.5914972273567468,0.6173752310536045,0.7208872458410351,0.7504621072088724
353,538,3,0.5130111524163569,[],0.01486988847583643,0.6059479553903345,0.5910780669144982,0.6171003717472119,0.7193308550185874,0.7527881040892194
354,536,3,0.5149253731343284,[],0.013059701492537313,0.6044776119402985,0.5895522388059702,0.6175373134328358,0.7182835820895522,0.753731343283582
355,533,3,0.5196998123827392,[],0.01125703564727955,0.6041275797373359,0.5891181988742964,0.6172607879924953,0.7166979362101313,0.7542213883677298
356,530,3,0.5245283018867924,[],0.013207547169811321,0.6037735849056604,0.5886792452830188,0.6169811320754717,0.7150943396226415,0.7566037735849057
357,528,3,0.5265151515151515,[],0.011363636363636364,0.6022727272727273,0.5871212121212122,0.615530303030303,0.7140151515151515,0.7556818181818182
358,525,3,0.5314285714285715,[],0.009523809523809525,0.6019047619047619,0.5885714285714285,0.6133333333333333,0.7180952380952381,0.7561904761904762
359,522,3,0.5363984674329502,[],0.011494252873563218,0.6015325670498084,0.5862068965517241,0.6149425287356322,0.7164750957854407,0.7586206896551724
360,520,3,0.5384615384615384,[],0.009615384615384616,0.6,0.5903846153846154,0.6153846153846154,0.7211538461538461,0.7615384615384615
361,517,3,0.5435203094777563,[],0.009671179883945842,0.5996131528046421,0.5899419729206963,0.6131528046421664,0.7195357833655706,0.7601547388781431
362,514,3,0.5486381322957199,[],0.011673151750972763,0.5992217898832685,0.5875486381322957,0.6128404669260701,0.7178988326848249,0.7587548638132295
363,512,3,0.55078125,[],0.009765625,0.59765625,0.5859375,0.61328125,0.716796875,0.7578125
364,509,3,0.555992141453831,[],0.007858546168958742,0.5972495088408645,0.587426326129666,0.6110019646365422,0.7190569744597249,0.756385068762279
365,506,3,0.5612648221343873,[],0.009881422924901186,0.5968379446640316,0.5849802371541502,0.6086956521739131,0.717391304347826,0.7549407114624506
366,504,3,0.5634920634920635,[],0.007936507936507936,0.5952380952380952,0.5853174603174603,0.6091269841269841,0.7202380952380952,0.753968253968254
367,501,3,0.5688622754491018,[],0.005988023952095809,0.5948103792415169,0.5848303393213573,0.6087824351297405,0.718562874251497,0.7564870259481038
368,498,3,0.5742971887550201,[],0.008032128514056224,0.5943775100401606,0.5843373493975904,0.608433734939759,0.7208835341365462,0.7550200803212851
369,496,3,0.5766129032258065,[],0.006048387096774193,0.592741935483871,0.5826612903225806,0.6068548387096774,0.719758064516129,0.7540322580645161
370,493,3,0.5821501014198783,[],0.006085192697768763,0.592292089249493,0.5821501014198783,0.6044624746450304,0.718052738336714,0.7525354969574036
371,490,3,0.5877551020408164,[],0.00816326530612245,0.5918367346938775,0.5836734693877551,0.6061224489795919,0.7204081632653061,0.7551020408163265
372,489,3,0.5828220858895705,[],0.006134969325153374,0.591002044989775,0.5828220858895705,0.6053169734151329,0.7198364008179959,0.754601226993865
373,486,3,0.588477366255144,[],0.00411522633744856,0.5905349794238683,0.5802469135802469,0.602880658436214,0.7181069958847737,0.7530864197530864
374,483,3,0.5942028985507246,[],0.006211180124223602,0.5900621118012422,0.577639751552795,0.6045548654244306,0.7163561076604554,0.7556935817805382
375,481,3,0.5966735966735967,[],0.004158004158004158,0.5883575883575883,0.5821205821205822,0.604989604989605,0.7214137214137214,0.7588357588357588
376,478,3,0.602510460251046,[],0.0020920502092050207,0.5878661087866108,0.5815899581589958,0.604602510460251,0.7238493723849372,0.7573221757322176
377,475,3,0.608421052631579,[],0.004210526315789474,0.5873684210526315,0.5810526315789474,0.6042105263157894,0.7221052631578947,0.76
378,473,3,0.6109936575052854,[],0.0021141649048625794,0.5856236786469344,0.5792811839323467,0.6025369978858351,0.7209302325581395,0.758985200845666
379,470,3,0.6170212765957447,[],0.0,0.5851063829787234,0.5787234042553191,0.6021276595744681,0.7212765957446808,0.7574468085106383
380,467,3,0.6231263383297645,[],0.0021413276231263384,0.5845824411134903,0.5781584582441114,0.6017130620985011,0.7237687366167024,0.7558886509635975
381,466,3,0.6180257510729614,[],0.0,0.5836909871244635,0.5772532188841202,0.6008583690987125,0.723175965665236,0.7553648068669528
382,463,3,0.6241900647948164,[],0.0,0.5831533477321814,0.5766738660907127,0.5982721382289417,0.7213822894168467,0.7537796976241901
383,460,3,0.6304347826086957,[],0.002173913043478261,0.5826086956521739,0.5782608695652174,0.6,0.7239130434782609,0.7565217391304347
384,458,3,0.6331877729257642,[],0.0,0.5807860262008734,0.5786026200873362,0.5982532751091703,0.7248908296943232,0.7554585152838428
385,456,4,0.6359649122807017,[],0.0,0.581140350877193,0.5789473684210527,0.5986842105263158,0.7258771929824561,0.7543859649122807
386,454,4,0.6387665198237885,[],0.0,0.5814977973568282,0.579295154185022,0.5991189427312775,0.724669603524229,0.7533039647577092
387,452,4,0.6415929203539823,[],0.0,0.581858407079646,0.5796460176991151,0.5995575221238938,0.7234513274336283,0.7566371681415929
388,450,4,0.6444444444444445,[],0.0,0.5822222222222222,0.58,0.5977777777777777,0.7222222222222222,0.7555555555555555
389,448,4,0.6473214285714286,[],0.0,0.5825892857142857,0.5803571428571429,0.5982142857142857,0.7209821428571429,0.7589285714285714
390,446,4,0.6502242152466368,[],0.0,0.5829596412556054,0.5807174887892377,0.5986547085201793,0.7219730941704036,0.757847533632287
391,444,4,0.6531531531531531,[],0.0,0.5833333333333334,0.5788288288288288,0.5990990990990991,0.7207207207207207,0.7567567567567568
392,442,4,0.6561085972850679,[],0.0,0.583710407239819,0.579185520361991,0.5995475113122172,0.7239819004524887,0.755656108597285
393,440,4,0.6590909090909091,[],0.0,0.5840909090909091,0.5818181818181818,0.6,0.7295454545454545,0.759090909090909
394,438,4,0.6621004566210046,[],0.0,0.5844748858447488,0.5821917808219178,0.6004566210045662,0.728310502283105,0.7579908675799086
395,435,4,0.6689655172413793,[],0.0,0.5839080459770115,0.5816091954022988,0.6,0.7264367816091954,0.7586206896551724
396,432,4,0.6759259259259259,[],0.0023148148148148147,0.5833333333333334,0.5810185185185185,0.5995370370370371,0.7245370370370371,0.7615740740740741
397,429,4,0.682983682983683,[],0.002331002331002331,0.5827505827505828,0.5804195804195804,0.5990675990675991,0.7226107226107226,0.7599067599067599
398,426,4,0.6901408450704225,[],0.004694835680751174,0.5821596244131455,0.57981220657277,0.5985915492957746,0.7253521126760564,0.7582159624413145
399,423,4,0.6973995271867612,[],0.004728132387706856,0.5815602836879432,0.5791962174940898,0.5981087470449172,0.723404255319149,0.7565011820330969
400,420,4,0.7047619047619048,[],0.007142857142857143,0.580952380952381,0.5785714285714286,0.5976190476190476,0.7261904761904762,0.7547619047619047
401,417,4,0.7122302158273381,[],0.007194244604316547,0.580335731414868,0.5755395683453237,0.5947242206235012,0.7242206235011991,0.7529976019184652
402,414,4,0.7198067632850241,[],0.00966183574879227,0.5797101449275363,0.5772946859903382,0.5942028985507246,0.7270531400966184,0.751207729468599
403,413,4,0.711864406779661,[],0.007263922518159807,0.5811138014527845,0.576271186440678,0.5956416464891041,0.7263922518159807,0.7506053268765133
404,410,4,0.7195121951219512,[],0.007317073170731708,0.5804878048780487,0.5756097560975609,0.5951219512195122,0.7292682926829268,0.748780487804878
405,407,4,0.7272727272727273,[],0.009828009828009828,0.5798525798525799,0.5749385749385749,0.5945945945945946,0.7272727272727273,0.7469287469287469
406,404,4,0.7351485148514851,[],0.009900990099009901,0.5792079207920792,0.5742574257425742,0.5915841584158416,0.7252475247524752,0.745049504950495
407,401,4,0.743142144638404,[],0.012468827930174564,0.5785536159600998,0.571072319201995,0.5910224438902744,0.7231920199501247,0.743142144638404
408,400,4,0.735,[],0.01,0.58,0.5725,0.5925,0.7225,0.7475
409,397,4,0.743073047858942,[],0.010075566750629723,0.5793450881612091,0.5743073047858942,0.5919395465994962,0.7279596977329975,0.7481108312342569
410,394,4,0.751269035532995,[],0.012690355329949238,0.5786802030456852,0.5736040609137056,0.5939086294416244,0.7258883248730964,0.751269035532995
411,391,4,0.7595907928388747,[],0.01278772378516624,0.578005115089514,0.5728900255754475,0.5933503836317136,0.7289002557544757,0.7493606138107417
412,388,4,0.7680412371134021,[],0.015463917525773196,0.5773195876288659,0.5721649484536082,0.5902061855670103,0.7268041237113402,0.7474226804123711
413,385,4,0.7766233766233767,[],0.015584415584415584,0.5766233766233766,0.5714285714285714,0.587012987012987,0.7246753246753247,0.7454545454545455
414,382,4,0.7853403141361257,[],0.01832460732984293,0.5759162303664922,0.5680628272251309,0.5863874345549738,0.7225130890052356,0.743455497382199
415,379,4,0.7941952506596306,[],0.018469656992084433,0.575197889182058,0.5672823218997362,0.58311345646438,0.7203166226912929,0.741424802110818
416,376,4,0.8031914893617021,[],0.02127659574468085,0.574468085106383,0.5691489361702128,0.5824468085106383,0.723404255319149,0.7446808510638298
417,375,4,0.7946666666666666,[],0.018666666666666668,0.576,0.5706666666666667,0.584,0.728,0.744
418,372,4,0.803763440860215,[],0.01881720430107527,0.5752688172043011,0.5698924731182796,0.5833333333333334,0.7258064516129032,0.7446236559139785
419,369,4,0.8130081300813008,[],0.02168021680216802,0.5745257452574526,0.5691056910569106,0.5826558265582655,0.7235772357723578,0.7479674796747967
420,368,4,0.7989130434782609,[],0.019021739130434784,0.5760869565217391,0.5706521739130435,0.5842391304347826,0.7228260869565217,0.7472826086956522
421,365,4,0.8082191780821918,[],0.019178082191780823,0.5753424657534246,0.5698630136986301,0.5863013698630137,0.726027397260274,0.7506849315068493
422,362,4,0.8176795580110497,[],0.022099447513812154,0.574585635359116,0.5662983425414365,0.585635359116022,0.7237569060773481,0.7486187845303868
423,359,4,0.8272980501392758,[],0.022284122562674095,0.5738161559888579,0.5654596100278552,0.5877437325905293,0.724233983286908,0.754874651810585
424,356,4,0.8370786516853933,[],0.025280898876404494,0.5730337078651685,0.5674157303370787,0.5870786516853933,0.7275280898876404,0.7528089887640449
425,353,4,0.8470254957507082,[],0.025495750708215296,0.5722379603399433,0.56657223796034,0.5864022662889519,0.7308781869688386,0.7507082152974505
426,350,4,0.8571428571428571,[],0.02857142857142857,0.5714285714285714,0.5657142857142857,0.5828571428571429,0.7285714285714285,0.7485714285714286
427,349,4,0.8424068767908309,[],0.025787965616045846,0.5730659025787965,0.5673352435530086,0.5845272206303725,0.7277936962750716,0.7535816618911175
428,346,4,0.8526011560693642,[],0.02601156069364162,0.5722543352601156,0.5664739884393064,0.5867052023121387,0.7283236994219653,0.7543352601156069
429,343,4,0.8629737609329446,[],0.029154518950437316,0.5714285714285714,0.5685131195335277,0.5860058309037901,0.7317784256559767,0.7580174927113703
430,342,4,0.8538011695906432,[],0.02631578947368421,0.5730994152046783,0.5701754385964912,0.5877192982456141,0.7309941520467836,0.7573099415204678
431,339,4,0.8643067846607669,[],0.02654867256637168,0.5722713864306784,0.5722713864306784,0.5870206489675516,0.7315634218289085,0.7581120943952803
432,336,4,0.875,[],0.02976190476190476,0.5714285714285714,0.5714285714285714,0.5892857142857143,0.7351190476190477,0.7619047619047619
433,333,4,0.8858858858858859,[],0.03003003003003003,0.5705705705705706,0.5705705705705706,0.5885885885885885,0.7387387387387387,0.7597597597597597
434,330,4,0.896969696969697,[],0.03333333333333333,0.5696969696969697,0.5696969696969697,0.5878787878787879,0.7363636363636363,0.7575757575757576
435,327,4,0.908256880733945,[],0.03363914373088685,0.5688073394495413,0.5688073394495413,0.5902140672782875,0.7370030581039755,0.7584097859327217
436,324,4,0.9197530864197531,[],0.037037037037037035,0.5679012345679012,0.5709876543209876,0.5895061728395061,0.7407407407407407,0.7623456790123457
437,321,4,0.9314641744548287,[],0.037383177570093455,0.5669781931464174,0.5700934579439252,0.5887850467289719,0.7383177570093458,0.7663551401869159
438,318,4,0.9433962264150944,[],0.040880503144654086,0.5660377358490566,0.5691823899371069,0.5880503144654088,0.7358490566037735,0.7641509433962265
439,315,4,0.9555555555555556,[],0.04126984126984127,0.5650793650793651,0.5682539682539682,0.5841269841269842,0.7333333333333333,0.765079365079365
440,312,4,0.967948717948718,[],0.04487179487179487,0.5641025641025641,0.5673076923076923,0.5833333333333334,0.7307692307692307,0.7628205128205128
441,309,4,0.9805825242718447,[],0.045307443365695796,0.5631067961165048,0.5631067961165048,0.5825242718446602,0.7281553398058253,0.7605177993527508
442,306,4,0.9934640522875817,[],0.049019607843137254,0.5620915032679739,0.5620915032679739,0.5784313725490197,0.7254901960784313,0.7581699346405228
443,303,4,1.0066006600660067,[],0.04950495049504951,0.5610561056105611,0.5643564356435643,0.5775577557755776,0.7293729372937293,0.7623762376237624
444,300,4,1.02,[],0.05333333333333334,0.56,0.5633333333333334,0.5733333333333334,0.7266666666666667,0.76
445,297,4,1.0336700336700337,[],0.05387205387205387,0.5589225589225589,0.5589225589225589,0.5723905723905723,0.7272727272727273,0.7575757575757576
446,294,4,1.0476190476190477,[],0.05782312925170068,0.5578231292517006,0.5578231292517006,0.5714285714285714,0.7244897959183674,0.7551020408163265
447,291,4,1.0618556701030928,[],0.058419243986254296,0.5567010309278351,0.5567010309278351,0.570446735395189,0.7250859106529209,0.7525773195876289
448,288,4,1.0763888888888888,[],0.0625,0.5555555555555556,0.5555555555555556,0.5694444444444444,0.7291666666666666,0.75
449,285,4,1.0912280701754387,[],0.06315789473684211,0.5543859649122806,0.5543859649122806,0.5684210526315789,0.7333333333333333,0.7473684210526316
450,282,4,1.1063829787234043,[],0.0673758865248227,0.5531914893617021,0.5531914893617021,0.5638297872340425,0.7304964539007093,0.7446808510638298
451,279,4,1.1218637992831542,[],0.06810035842293907,0.5519713261648745,0.5519713261648745,0.5663082437275986,0.7311827956989247,0.7455197132616488
452,276,4,1.1376811594202898,[],0.07246376811594203,0.5507246376811594,0.5543478260869565,0.5652173913043478,0.7355072463768116,0.75
453,275,4,1.1272727272727272,[],0.06909090909090909,0.5527272727272727,0.5563636363636364,0.5672727272727273,0.7418181818181818,0.7490909090909091
454,272,4,1.1433823529411764,[],0.06985294117647059,0.5514705882352942,0.5551470588235294,0.5661764705882353,0.7389705882352942,0.7536764705882353
455,269,4,1.1598513011152416,[],0.07434944237918216,0.550185873605948,0.5539033457249071,0.5650557620817844,0.7360594795539034,0.7509293680297398
456,268,4,1.1417910447761195,[],0.0708955223880597,0.5522388059701493,0.5559701492537313,0.5671641791044776,0.7425373134328358,0.75
457,265,4,1.1584905660377358,[],0.07169811320754717,0.5509433962264151,0.5547169811320755,0.5660377358490566,0.7396226415094339,0.7471698113207547
458,262,4,1.1755725190839694,[],0.07633587786259542,0.549618320610687,0.5534351145038168,0.5648854961832062,0.7366412213740458,0.7519083969465649
459,259,4,1.193050193050193,[],0.07722007722007722,0.5482625482625483,0.5521235521235521,0.5637065637065637,0.7413127413127413,0.749034749034749
460,256,4,1.2109375,[],0.08203125,0.546875,0.55078125,0.55859375,0.73828125,0.74609375
461,255,4,1.192156862745098,[],0.0784313725490196,0.5490196078431373,0.5529411764705883,0.5607843137254902,0.7372549019607844,0.7529411764705882
462,252,4,1.2103174603174602,[],0.07936507936507936,0.5476190476190477,0.5515873015873016,0.5595238095238095,0.7341269841269841,0.753968253968254
463,249,4,1.2289156626506024,[],0.08433734939759036,0.5461847389558233,0.5502008032128514,0.5582329317269076,0.7309236947791165,0.7590361445783133
464,248,4,1.2096774193548387,[],0.08064516129032258,0.5483870967741935,0.5524193548387096,0.5604838709677419,0.7379032258064516,0.7580645161290323
465,245,4,1.2285714285714286,[],0.08163265306122448,0.5469387755102041,0.5469387755102041,0.5551020408163265,0.7346938775510204,0.7551020408163265
466,242,4,1.2479338842975207,[],0.08677685950413223,0.5454545454545454,0.5454545454545454,0.5578512396694215,0.731404958677686,0.7603305785123967
467,241,4,1.2282157676348548,[],0.08298755186721991,0.5477178423236515,0.5477178423236515,0.5601659751037344,0.7302904564315352,0.7593360995850622
468,238,4,1.2478991596638656,[],0.08403361344537816,0.5462184873949579,0.5462184873949579,0.5588235294117647,0.726890756302521,0.7563025210084033
469,235,4,1.2680851063829788,[],0.08936170212765958,0.5446808510638298,0.5446808510638298,0.5574468085106383,0.7319148936170212,0.7531914893617021
470,234,4,1.2478632478632479,[],0.08547008547008547,0.5470085470085471,0.5470085470085471,0.5598290598290598,0.7307692307692307,0.7606837606837606
471,231,4,1.2683982683982684,[],0.08658008658008658,0.5454545454545454,0.5497835497835498,0.5584415584415584,0.7359307359307359,0.7662337662337663
472,228,4,1.2894736842105263,[],0.09210526315789473,0.543859649122807,0.5482456140350878,0.5526315789473685,0.7324561403508771,0.7631578947368421
473,227,4,1.2687224669603525,[],0.0881057268722467,0.5462555066079295,0.5506607929515418,0.5550660792951542,0.7400881057268722,0.762114537444934
474,224,4,1.2901785714285714,[],0.08928571428571429,0.5446428571428571,0.5446428571428571,0.5491071428571429,0.7366071428571429,0.7589285714285714
475,221,4,1.3122171945701357,[],0.09502262443438914,0.5429864253393665,0.5475113122171946,0.5475113122171946,0.7420814479638009,0.755656108597285
476,220,4,1.290909090909091,[],0.09090909090909091,0.5454545454545454,0.55,0.55,0.740909090909091,0.7545454545454545
477,217,4,1.3133640552995391,[],0.09216589861751152,0.543778801843318,0.543778801843318,0.5483870967741935,0.7373271889400922,0.7511520737327189
478,214,4,1.3364485981308412,[],0.09813084112149532,0.5420560747663551,0.5420560747663551,0.5514018691588785,0.7429906542056075,0.7570093457943925
479,211,4,1.3601895734597156,[],0.0995260663507109,0.5402843601895735,0.5402843601895735,0.5497630331753555,0.7393364928909952,0.7630331753554502
480,208,4,1.3846153846153846,[],0.10576923076923077,0.5384615384615384,0.5384615384615384,0.5480769230769231,0.7355769230769231,0.7596153846153846
481,207,4,1.3623188405797102,[],0.10144927536231885,0.5410628019323671,0.5410628019323671,0.5507246376811594,0.7439613526570048,0.7584541062801933
482,204,4,1.3872549019607843,[],0.10294117647058823,0.5392156862745098,0.5392156862745098,0.5490196078431373,0.7450980392156863,0.7549019607843137
483,201,4,1.4129353233830846,[],0.10945273631840796,0.5373134328358209,0.5373134328358209,0.5472636815920398,0.7512437810945274,0.7512437810945274
484,200,4,1.39,[],0.105,0.54,0.54,0.55,0.75,0.75
485,197,4,1.416243654822335,[],0.1065989847715736,0.5380710659898477,0.5380710659898477,0.5532994923857868,0.751269035532995,0.7614213197969543
486,194,4,1.443298969072165,[],0.1134020618556701,0.5360824742268041,0.5412371134020618,0.5515463917525774,0.7577319587628866,0.7577319587628866
487,193,4,1.4196891191709844,[],0.10880829015544041,0.538860103626943,0.5440414507772021,0.5544041450777202,0.7564766839378239,0.7668393782383419
488,190,4,1.4473684210526316,[],0.11052631578947368,0.5368421052631579,0.5368421052631579,0.5526315789473685,0.7526315789473684,0.7631578947368421
489,187,4,1.4759358288770053,[],0.11764705882352941,0.5347593582887701,0.5347593582887701,0.5454545454545454,0.7486631016042781,0.7593582887700535
490,186,5,1.4516129032258065,[],0.11290322580645161,0.5376344086021505,0.5376344086021505,0.5483870967741935,0.7473118279569892,0.7580645161290323
491,185,5,1.427027027027027,[],0.10810810810810811,0.5405405405405406,0.5405405405405406,0.5513513513513514,0.745945945945946,0.7567567567567568
492,184,5,1.4021739130434783,[],0.10326086956521739,0.5434782608695652,0.5434782608695652,0.5543478260869565,0.7445652173913043,0.7554347826086957
493,183,5,1.3770491803278688,[],0.09836065573770492,0.546448087431694,0.546448087431694,0.5573770491803278,0.7431693989071039,0.7650273224043715
494,182,5,1.3516483516483517,[],0.09340659340659341,0.5494505494505495,0.5494505494505495,0.5604395604395604,0.7417582417582418,0.7637362637362637
495,181,5,1.3259668508287292,[],0.08839779005524862,0.5524861878453039,0.5524861878453039,0.56353591160221,0.7403314917127072,0.7734806629834254
496,178,5,1.353932584269663,[],0.0898876404494382,0.550561797752809,0.550561797752809,0.5617977528089888,0.7359550561797753,0.7808988764044944
497,175,5,1.3828571428571428,[],0.09142857142857143,0.5485714285714286,0.5485714285714286,0.56,0.7428571428571429,0.7771428571428571
498,172,5,1.4127906976744187,[],0.09302325581395349,0.5465116279069767,0.5465116279069767,0.5581395348837209,0.7441860465116279,0.7732558139534884
499,169,5,1.4437869822485208,[],0.09467455621301775,0.5443786982248521,0.5443786982248521,0.5562130177514792,0.7396449704142012,0.7692307692307693
500,168,5,1.4166666666666667,[],0.08928571428571429,0.5476190476190477,0.5476190476190477,0.5595238095238095,0.7380952380952381,0.7678571428571429
501,165,5,1.4484848484848485,[],0.09090909090909091,0.5454545454545454,0.5393939393939394,0.5575757575757576,0.7333333333333333,0.7636363636363637
502,162,5,1.4814814814814814,[],0.09259259259259259,0.5432098765432098,0.5370370370370371,0.5493827160493827,0.7283950617283951,0.7592592592592593
503,159,5,1.5157232704402517,[],0.09433962264150944,0.5408805031446541,0.5345911949685535,0.5534591194968553,0.7295597484276729,0.7610062893081762
504,156,5,1.5512820512820513,[],0.09615384615384616,0.5384615384615384,0.5384615384615384,0.5512820512820513,0.7371794871794872,0.7692307692307693
505,153,5,1.588235294117647,[],0.09803921568627451,0.5359477124183006,0.5359477124183006,0.5424836601307189,0.7320261437908496,0.7647058823529411
506,150,5,1.6266666666666667,[],0.1,0.5333333333333333,0.54,0.54,0.74,0.7733333333333333
507,149,5,1.5973154362416107,[],0.09395973154362416,0.5369127516778524,0.5436241610738255,0.5436241610738255,0.7516778523489933,0.7718120805369127
508,146,5,1.6369863013698631,[],0.0958904109589041,0.5342465753424658,0.541095890410959,0.541095890410959,0.7465753424657534,0.7671232876712328
509,143,5,1.6783216783216783,[],0.0979020979020979,0.5314685314685315,0.5384615384615384,0.5384615384615384,0.7552447552447552,0.7622377622377622
510,140,5,1.7214285714285715,[],0.1,0.5285714285714286,0.5357142857142857,0.5357142857142857,0.75,0.7571428571428571
511,137,5,1.7664233576642336,[],0.10218978102189781,0.5255474452554745,0.5328467153284672,0.5328467153284672,0.7445255474452555,0.7664233576642335
512,136,5,1.7352941176470589,[],0.09558823529411764,0.5294117647058824,0.5367647058823529,0.5367647058823529,0.7573529411764706,0.7647058823529411
513,133,5,1.781954887218045,[],0.09774436090225563,0.5263157894736842,0.5338345864661654,0.5338345864661654,0.7518796992481203,0.7593984962406015
514,130,5,1.8307692307692307,[],0.1,0.5230769230769231,0.5307692307692308,0.5307692307692308,0.7461538461538462,0.7538461538461538
515,127,5,1.8818897637795275,[],0.10236220472440945,0.5196850393700787,0.5275590551181102,0.5275590551181102,0.7401574803149606,0.7480314960629921
516,124,5,1.935483870967742,[],0.11290322580645161,0.5161290322580645,0.5241935483870968,0.5241935483870968,0.7338709677419355,0.7419354838709677
517,121,5,1.9917355371900827,[],0.11570247933884298,0.512396694214876,0.5206611570247934,0.512396694214876,0.7272727272727273,0.7355371900826446
518,118,5,2.0508474576271185,[],0.11864406779661017,0.5084745762711864,0.5084745762711864,0.5084745762711864,0.7203389830508474,0.7288135593220338
519,115,5,2.1130434782608694,[],0.12173913043478261,0.5043478260869565,0.5043478260869565,0.5043478260869565,0.7217391304347827,0.7217391304347827
520,112,5,2.1785714285714284,[],0.13392857142857142,0.5,0.5,0.5,0.7142857142857143,0.7142857142857143
521,111,5,2.144144144144144,[],0.12612612612612611,0.5045045045045045,0.5045045045045045,0.5045045045045045,0.7117117117117117,0.7297297297297297
522,108,5,2.212962962962963,[],0.12962962962962962,0.5,0.5,0.5,0.7037037037037037,0.7222222222222222
523,105,5,2.2857142857142856,[],0.14285714285714285,0.49523809523809526,0.49523809523809526,0.49523809523809526,0.6952380952380952,0.7142857142857143
524,102,5,2.3627450980392157,[],0.14705882352941177,0.49019607843137253,0.49019607843137253,0.4803921568627451,0.6862745098039216,0.7058823529411765
525,99,5,2.4444444444444446,[],0.16161616161616163,0.48484848484848486,0.47474747474747475,0.47474747474747475,0.6767676767676768,0.696969696969697
526,96,5,2.53125,[],0.16666666666666666,0.4791666666666667,0.46875,0.46875,0.6770833333333334,0.6875
527,93,5,2.6236559139784945,[],0.1827956989247312,0.4731182795698925,0.46236559139784944,0.46236559139784944,0.6881720430107527,0.6774193548387096
528,92,5,2.5760869565217392,[],0.17391304347826086,0.4782608695652174,0.4673913043478261,0.4673913043478261,0.6847826086956522,0.6739130434782609
529,89,5,2.6741573033707864,[],0.1797752808988764,0.47191011235955055,0.4606741573033708,0.4606741573033708,0.6741573033707865,0.6741573033707865
530,86,5,2.7790697674418605,[],0.19767441860465115,0.46511627906976744,0.45348837209302323,0.45348837209302323,0.6627906976744186,0.686046511627907
531,83,5,2.891566265060241,[],0.20481927710843373,0.4578313253012048,0.4578313253012048,0.4457831325301205,0.6746987951807228,0.6987951807228916
532,80,5,3.0125,[],0.2125,0.45,0.45,0.425,0.6625,0.6875
533,77,5,3.142857142857143,[],0.22077922077922077,0.44155844155844154,0.44155844155844154,0.42857142857142855,0.6623376623376623,0.7142857142857143
534,74,5,3.2837837837837838,[],0.24324324324324326,0.43243243243243246,0.44594594594594594,0.4189189189189189,0.6756756756756757,0.7027027027027027
535,71,5,3.436619718309859,[],0.2535211267605634,0.4225352112676056,0.43661971830985913,0.4084507042253521,0.676056338028169,0.6901408450704225
536,68,5,3.6029411764705883,[],0.27941176470588236,0.4117647058823529,0.4264705882352941,0.39705882352941174,0.6911764705882353,0.6764705882352942
537,65,5,3.7846153846153845,[],0.2923076923076923,0.4,0.4153846153846154,0.36923076923076925,0.676923076923077,0.6615384615384615
538,62,5,3.9838709677419355,[],0.3225806451612903,0.3870967741935484,0.3870967741935484,0.3548387096774194,0.6612903225806451,0.6451612903225806
539,59,5,4.203389830508475,[],0.3389830508474576,0.3728813559322034,0.3728813559322034,0.3389830508474576,0.6610169491525424,0.6271186440677966
540,56,5,4.446428571428571,[],0.375,0.35714285714285715,0.35714285714285715,0.32142857142857145,0.6428571428571429,0.6071428571428571
541,55,6,4.4,[],0.36363636363636365,0.36363636363636365,0.36363636363636365,0.32727272727272727,0.6363636363636364,0.6
542,54,6,4.351851851851852,[],0.35185185185185186,0.37037037037037035,0.37037037037037035,0.3333333333333333,0.6296296296296297,0.5925925925925926
543,53,6,4.30188679245283,[],0.33962264150943394,0.37735849056603776,0.37735849056603776,0.33962264150943394,0.660377358490566,0.6226415094339622
544,52,6,4.25,[],0.3269230769230769,0.38461538461538464,0.38461538461538464,0.34615384615384615,0.6538461538461539,0.6153846153846154
545,51,6,4.1568627450980395,[],0.3137254901960784,0.39215686274509803,0.39215686274509803,0.35294117647058826,0.6470588235294118,0.6078431372549019
546,50,6,4.08,[],0.3,0.4,0.4,0.36,0.64,0.64
547,47,6,4.361702127659575,[],0.3191489361702128,0.3829787234042553,0.40425531914893614,0.3404255319148936,0.6382978723404256,0.6382978723404256
548,44,6,4.681818181818182,[],0.36363636363636365,0.36363636363636365,0.38636363636363635,0.3409090909090909,0.6590909090909091,0.6590909090909091
549,43,6,4.627906976744186,[],0.3488372093023256,0.37209302325581395,0.3953488372093023,0.3488372093023256,0.6511627906976745,0.6511627906976745
550,40,6,5.0,[],0.375,0.35,0.375,0.325,0.625,0.675
551,37,6,5.4324324324324325,[],0.43243243243243246,0.32432432432432434,0.35135135135135137,0.2972972972972973,0.5945945945945946,0.6486486486486487
552,36,6,5.388888888888889,[],0.4166666666666667,0.3333333333333333,0.3611111111111111,0.3055555555555556,0.5833333333333334,0.6388888888888888
553,33,6,5.909090909090909,[],0.45454545454545453,0.30303030303030304,0.3333333333333333,0.24242424242424243,0.5454545454545454,0.6060606060606061
554,30,6,6.533333333333333,[],0.5333333333333333,0.26666666666666666,0.3333333333333333,0.2,0.5666666666666667,0.5666666666666667
555,27,6,7.296296296296297,[],0.5925925925925926,0.2222222222222222,0.25925925925925924,0.14814814814814814,0.5185185185185185,0.5185185185185185
556,24,6,8.25,[],0.7083333333333334,0.16666666666666666,0.20833333333333334,0.125,0.4583333333333333,0.5416666666666666
557,21,6,9.476190476190476,[],0.8095238095238095,0.09523809523809523,0.14285714285714285,0.09523809523809523,0.47619047619047616,0.5714285714285714
558,18,6,11.11111111111111,"[""affine""]",1.0,0.0,0.0,0.0,0.3888888888888889,0.5
