birth_count,births,configuration,discovery_work,early_stop,endpoint_solver_cost,frontier,generation_depth,max_bitset_bytes,max_log_tuple_count,max_tuple_count,model,morphon,recursive_births,scope_grouping,scope_width,seed,success,total_bitset_bytes,total_tuple_count
2,2,recursive_birth,84,True,0,,2,1,3.0,7,LCA,affine,True,False,2,0,True,8,25
2,2,no_recursive_birth,71,True,0,,1,1,3.0,7,LCA,affine,False,False,2,0,False,8,29
2,2,early_stop,84,True,0,,2,1,3.0,7,LCA,affine,True,False,2,0,True,8,25
4,4,full_elimination,87,False,0,,4,1,3.0,7,LCA,affine,True,False,2,0,True,10,25
2,2,legacy_scope_grouping,64,True,0,,2,1,3.0,7,LCA,affine,True,True,2,0,True,7,23
3,3,external_order,75,True,0,,2,1,3.0,7,LCA,affine,True,False,2,0,True,9,29
5,5,BCA,37,True,0,,5,1,3.0,7,BCA,affine,True,False,2,0,True,11,22
3,3,random_order,290,True,0,,3,1,3.0,7,LCA,affine,True,False,3,0,True,9,31
3,3,random_order,161,True,0,,3,1,3.0,7,LCA,affine,True,False,2,1,True,9,30
3,3,random_order,75,True,0,,2,1,3.0,7,LCA,affine,True,False,2,2,True,9,29
3,3,random_order,161,True,0,,3,1,3.0,7,LCA,affine,True,False,2,3,True,9,30
2,2,random_order,84,True,0,,2,1,3.0,7,LCA,affine,True,False,2,4,True,8,25
2,2,random_order,162,True,0,,2,1,3.0,7,LCA,affine,True,False,3,5,True,8,22
3,3,random_order,36,True,0,,3,1,3.0,7,LCA,affine,True,False,2,6,True,9,26
3,3,random_order,164,True,0,,3,1,3.0,7,LCA,affine,True,False,3,7,True,9,22
2,2,random_order,84,True,0,,2,1,3.0,7,LCA,affine,True,False,2,8,True,8,25
2,2,random_order,293,True,0,,2,1,3.0,7,LCA,affine,True,False,3,9,True,8,26
,2,exact_optimal,,True,,"[{""scope_width"": 2, ""max_tuple_count"": 7, ""total_tuple_count"": 25, ""max_log_tuple_count"": 3.0, ""max_bitset_bytes"": 1, ""total_bitset_bytes"": 8, ""birth_count"": 2, ""generation_depth"": 2, ""discovery_work"": 84, ""endpoint_solver_cost"": 0}, {""scope_width"": 2, ""max_tuple_count"": 7, ""total_tuple_count"": 26, ""max_log_tuple_count"": 3.0, ""max_bitset_bytes"": 1, ""total_bitset_bytes"": 9, ""birth_count"": 3, ""generation_depth"": 3, ""discovery_work"": 36, ""endpoint_solver_cost"": 0}, {""scope_width"": 2, ""max_tuple_count"": 7, ""total_tuple_count"": 29, ""max_log_tuple_count"": 3.0, ""max_bitset_bytes"": 1, ""total_bitset_bytes"": 9, ""birth_count"": 3, ""generation_depth"": 2, ""discovery_work"": 75, ""endpoint_solver_cost"": 0}, {""scope_width"": 3, ""max_tuple_count"": 7, ""total_tuple_count"": 22, ""max_log_tuple_count"": 3.0, ""max_bitset_bytes"": 1, ""total_bitset_bytes"": 8, ""birth_count"": 2, ""generation_depth"": 2, ""discovery_work"": 162, ""endpoint_solver_cost"": 0}]",2,,,,LCA,affine,True,False,,0,True,,
2,2,recursive_birth,29,True,0,,2,1,3.0,7,LCA,bijunctive,True,False,2,0,True,8,22
2,2,no_recursive_birth,124,True,0,,1,1,3.0,7,LCA,bijunctive,False,False,2,0,True,8,25
2,2,early_stop,29,True,0,,2,1,3.0,7,LCA,bijunctive,True,False,2,0,True,8,22
4,4,full_elimination,32,False,0,,4,1,3.0,7,LCA,bijunctive,True,False,2,0,True,10,22
2,2,legacy_scope_grouping,7,True,0,,2,1,3.0,7,LCA,bijunctive,True,True,2,0,True,7,20
2,2,external_order,284,True,0,,2,1,3.0,7,LCA,bijunctive,True,False,3,0,True,8,32
3,3,BCA,33,True,0,,3,1,3.0,7,BCA,bijunctive,True,False,3,0,True,9,22
2,2,random_order,159,True,0,,2,1,3.0,7,LCA,bijunctive,True,False,2,0,True,8,29
2,2,random_order,284,True,0,,2,1,3.0,7,LCA,bijunctive,True,False,3,1,True,8,33
2,2,random_order,284,True,0,,2,1,3.0,7,LCA,bijunctive,True,False,3,2,True,8,32
2,2,random_order,284,True,0,,2,1,3.0,7,LCA,bijunctive,True,False,3,3,True,8,33
2,2,random_order,249,True,0,,2,1,3.0,7,LCA,bijunctive,True,False,3,4,True,8,29
2,2,random_order,124,True,0,,1,1,3.0,7,LCA,bijunctive,True,False,2,5,True,8,25
2,2,random_order,249,True,0,,2,1,3.0,7,LCA,bijunctive,True,False,3,6,True,8,29
2,2,random_order,29,True,0,,2,1,3.0,7,LCA,bijunctive,True,False,2,7,True,8,22
2,2,random_order,249,True,0,,2,1,3.0,7,LCA,bijunctive,True,False,3,8,True,8,29
2,2,random_order,124,True,0,,1,1,3.0,7,LCA,bijunctive,True,False,2,9,True,8,25
,2,exact_optimal,,True,,"[{""scope_width"": 2, ""max_tuple_count"": 7, ""total_tuple_count"": 22, ""max_log_tuple_count"": 3.0, ""max_bitset_bytes"": 1, ""total_bitset_bytes"": 8, ""birth_count"": 2, ""generation_depth"": 2, ""discovery_work"": 29, ""endpoint_solver_cost"": 3}, {""scope_width"": 2, ""max_tuple_count"": 7, ""total_tuple_count"": 25, ""max_log_tuple_count"": 3.0, ""max_bitset_bytes"": 1, ""total_bitset_bytes"": 8, ""birth_count"": 2, ""generation_depth"": 1, ""discovery_work"": 124, ""endpoint_solver_cost"": 3}]",1,,,,LCA,bijunctive,True,False,,0,True,,
2,2,recursive_birth,143,True,0,,2,1,3.0,7,LCA,horn,True,False,2,0,True,9,26
2,2,no_recursive_birth,82,True,0,,1,1,3.0,7,LCA,horn,False,False,2,0,False,9,28
2,2,early_stop,143,True,0,,2,1,3.0,7,LCA,horn,True,False,2,0,True,9,26
4,4,full_elimination,148,False,0,,4,1,3.0,7,LCA,horn,True,False,2,0,True,11,26
2,2,legacy_scope_grouping,95,True,0,,2,1,3.0,7,LCA,horn,True,True,2,0,True,7,18
3,3,external_order,222,True,0,,3,1,3.0,7,LCA,horn,True,False,3,0,True,10,30
4,4,BCA,126,True,0,,3,1,3.0,7,BCA,horn,True,False,2,0,True,11,30
3,3,random_order,189,True,0,,3,1,3.0,7,LCA,horn,True,False,3,0,True,10,30
3,3,random_order,106,True,0,,3,1,3.0,7,LCA,horn,True,False,2,1,True,10,28
3,3,random_order,222,True,0,,3,1,3.0,7,LCA,horn,True,False,3,2,True,10,30
3,3,random_order,106,True,0,,3,1,3.0,7,LCA,horn,True,False,2,3,True,10,28
3,3,random_order,106,True,0,,2,1,3.0,7,LCA,horn,True,False,2,4,True,10,28
2,2,random_order,143,True,0,,2,1,3.0,7,LCA,horn,True,False,2,5,True,9,26
2,2,random_order,246,True,0,,2,1,3.0,7,LCA,horn,True,False,3,6,True,9,29
2,2,random_order,143,True,0,,2,1,3.0,7,LCA,horn,True,False,2,7,True,9,26
3,3,random_order,106,True,0,,2,1,3.0,7,LCA,horn,True,False,2,8,True,10,28
2,2,random_order,213,True,0,,2,1,3.0,7,LCA,horn,True,False,3,9,True,9,29
,2,exact_optimal,,True,,"[{""scope_width"": 2, ""max_tuple_count"": 7, ""total_tuple_count"": 26, ""max_log_tuple_count"": 3.0, ""max_bitset_bytes"": 1, ""total_bitset_bytes"": 9, ""birth_count"": 2, ""generation_depth"": 2, ""discovery_work"": 143, ""endpoint_solver_cost"": 2}, {""scope_width"": 2, ""max_tuple_count"": 7, ""total_tuple_count"": 28, ""max_log_tuple_count"": 3.0, ""max_bitset_bytes"": 1, ""total_bitset_bytes"": 10, ""birth_count"": 3, ""generation_depth"": 2, ""discovery_work"": 106, ""endpoint_solver_cost"": 0}]",2,,,,LCA,horn,True,False,,0,True,,
